zip,under_18_years,households,under_3_years,3_to_4_years,5_years,6_to_8_years,9_to_11_years,12_to_14_years,15_to_17_years,group_quarters
73430,331,331,65,35,15,55,51,64,46,0
73931,118,118,14,10,6,22,19,23,24,0
73949,320,320,94,43,12,29,52,28,62,0
75001,2198,2198,676,118,108,560,223,236,277,0
75002,19937,19937,2204,2023,1018,3246,4193,3522,3731,0
75006,12879,12879,2612,1165,553,2125,2071,2218,2135,0
75007,11659,11659,1639,998,529,1668,2055,2037,2733,0
75009,4359,4359,671,653,393,607,706,616,713,0
75010,6342,6342,1134,737,111,690,1193,1425,1052,0
75013,12399,12399,988,1176,526,2447,2187,2484,2591,0
75019,11567,11567,1314,1387,567,1665,2115,2107,2412,0
75020,5318,5318,987,528,184,768,1211,682,958,0
75021,2003,2003,360,243,38,311,322,422,307,0
75022,8062,8062,1077,774,311,1075,1369,1708,1748,0
75023,10417,10415,1604,1178,417,1615,1832,1974,1795,2
75024,9784,9784,1472,694,673,1544,1690,1933,1778,0
75025,13600,13600,1446,1272,842,2306,2230,2546,2958,0
75028,12810,12809,1588,1104,670,2004,2360,2663,2420,1
75032,8729,8729,1031,610,444,1331,1388,1708,2217,0
75034,31356,31356,3662,2871,1512,5359,6100,6374,5478,0
75035,24042,24042,2357,2368,1323,4070,4907,4604,4413,0
75038,7083,7083,1765,1055,376,1478,1009,728,672,0
75039,3417,3417,1326,504,176,657,409,128,217,0
75040,16819,16819,2424,1596,829,2731,2663,3308,3268,0
75041,9762,9757,1822,887,509,1916,1549,1613,1461,5
75042,11748,11747,2013,1146,570,1850,2161,1709,2298,1
75043,17278,17244,2879,1777,683,2962,3474,3137,2332,34
75044,9186,9186,1352,923,395,1487,1431,1602,1996,0
75048,6551,6551,1790,504,114,753,1111,1093,1186,0
75050,11934,11927,2293,1335,565,2085,1678,1945,2026,7
75051,12598,12584,2090,1270,988,1936,2248,1896,2156,14
75052,26032,26028,3080,2935,1376,4238,4124,5084,5191,4
75054,3930,3930,563,396,235,648,768,654,666,0
75056,14704,14704,2243,1642,770,2511,2226,2743,2569,0
75057,3888,3884,488,390,218,841,656,688,603,4
75058,723,723,83,52,13,101,137,206,131,0
75060,14550,14550,2065,1570,601,2418,2667,2468,2761,0
75061,16521,16515,2857,2051,937,2496,2877,2465,2832,6
75062,13494,13478,2076,1584,674,2311,2069,2241,2523,16
75063,10024,10024,1912,1022,760,1930,1878,1510,1012,0
75065,2875,2875,325,422,110,395,593,570,460,0
75067,16686,16686,3372,2057,1086,2872,2518,2437,2344,0
75068,20868,20868,2677,2301,1221,4140,3603,3572,3354,0
75069,9137,9137,1312,757,438,1440,1649,1681,1860,0
75070,30249,30249,4668,3361,1627,5610,5210,5379,4394,0
75071,16386,16322,2217,1892,879,3024,3024,2336,2950,64
75074,12617,12617,1957,1436,716,1764,2644,2125,1975,0
75075,7109,7105,1071,878,322,898,1078,1276,1582,4
75076,1713,1713,286,97,100,230,397,276,327,0
75077,8663,8661,1178,805,447,1600,1479,1498,1654,2
75078,9926,9926,1170,1075,588,1775,1891,1858,1569,0
75080,11530,11523,2107,1677,581,1682,1399,2209,1868,7
75081,9294,9294,1540,1233,567,1445,1424,1520,1565,0
75082,5255,5255,465,524,295,881,966,946,1178,0
75087,9265,9265,1457,961,428,1718,1711,1599,1391,0
75088,5821,5821,941,623,308,945,994,890,1120,0
75089,9756,9756,1529,1128,274,1460,1601,1588,2176,0
75090,6693,6662,1130,882,167,1259,1136,1085,1003,31
75092,5832,5832,873,600,273,961,1152,1096,877,0
75093,9948,9942,1332,786,423,1596,1845,1838,2122,6
75094,7655,7655,659,882,288,1189,1229,1826,1582,0
75098,16993,16993,2166,1979,1020,2614,3020,3187,3007,0
75101,144,144,14,22,5,32,20,20,31,0
75102,393,393,24,62,53,38,97,29,90,0
75103,3065,3042,378,243,109,472,505,681,654,23
75104,14402,14402,1759,1374,813,2340,2654,2941,2521,0
75105,27,27,0,0,0,0,14,0,13,0
75109,1043,1043,132,117,29,172,283,125,185,0
75110,7767,7662,1386,876,360,1086,1272,1439,1243,105
75114,1802,1802,236,223,93,212,356,283,399,0
75115,14160,14160,1844,1514,652,2580,2639,2274,2657,0
75116,5838,5838,1015,759,212,1068,981,849,954,0
75117,1195,1195,146,156,56,164,221,235,217,0
75119,7507,7507,1194,839,361,1350,1154,1192,1417,0
75124,734,729,79,91,75,88,137,119,140,5
75125,1944,1944,366,260,90,161,281,354,432,0
75126,15611,15611,2289,1849,1079,2559,2645,2705,2485,0
75127,407,407,46,84,16,52,61,55,93,0
75132,456,456,101,31,76,83,97,34,34,0
75134,6817,6817,1225,451,310,1383,1104,1013,1331,0
75135,2091,2091,211,204,24,366,369,450,467,0
75137,4736,4736,499,485,271,643,963,771,1104,0
75140,1988,1975,383,291,76,313,443,206,263,13
75141,1342,1342,279,131,27,258,200,273,174,0
75142,5306,5290,761,425,343,795,955,976,1035,16
75143,3195,3195,473,309,150,564,533,572,594,0
75144,744,744,133,87,45,91,106,138,144,0
75146,6028,6028,1514,628,245,866,1082,924,769,0
75147,1384,1381,259,84,30,268,278,234,228,3
75148,1472,1472,190,138,135,189,227,278,315,0
75149,17014,17014,2479,1704,791,2889,3090,3224,2837,0
75150,17101,17101,2825,1970,912,2802,3011,2833,2748,0
75152,1790,1790,311,99,69,395,289,396,231,0
75153,91,91,20,20,0,20,13,9,9,0
75154,11436,11436,1426,988,604,1911,2256,2241,2010,0
75155,1059,1059,187,153,50,136,247,174,112,0
75156,3338,3338,593,175,208,373,600,648,741,0
75157,75,75,30,3,6,12,12,2,10,0
75158,1030,1030,84,138,34,215,202,171,186,0
75159,5557,5557,706,520,236,850,968,1152,1125,0
75160,6289,6285,1174,687,138,954,1197,1077,1058,4
75161,1365,1365,223,81,78,233,231,251,268,0
75163,480,480,68,6,42,93,57,80,134,0
75164,120,120,15,0,8,11,48,12,26,0
75165,11569,11471,1862,1459,563,2090,1631,1920,1946,98
75166,1341,1341,198,116,94,289,209,233,202,0
75167,3187,3159,376,263,94,484,576,731,635,28
75169,3270,3270,475,339,152,567,532,598,607,0
75172,1284,1284,265,112,100,240,246,210,111,0
75173,1010,1010,179,118,20,158,261,165,109,0
75180,8206,8206,1359,844,313,1516,1575,1159,1440,0
75181,8504,8504,797,1005,522,1353,1822,1970,1035,0
75182,1748,1748,114,147,36,262,335,400,454,0
75189,8578,8578,1436,766,501,1425,1661,1643,1146,0
75201,905,837,187,168,32,141,124,119,66,68
75202,172,172,100,0,0,15,0,20,37,0
75203,4404,4404,730,488,311,833,486,851,705,0
75204,2849,2847,642,402,158,426,437,473,309,2
75205,5282,5254,594,512,204,909,1085,1056,894,28
75206,5023,5023,1422,829,189,682,739,668,494,0
75207,134,58,0,0,44,0,0,14,0,76
75208,6836,6806,1082,620,444,1151,1124,1344,1041,30
75209,2439,2439,662,373,187,291,469,178,279,0
75210,2844,2844,436,474,188,506,425,444,371,0
75211,23287,23278,3786,2416,1015,4322,4281,4017,3441,9
75212,8367,8080,1088,1135,324,1302,1371,1501,1359,287
75214,7265,7264,1691,1229,440,1220,990,976,718,1
75215,4230,4182,1067,461,246,753,591,421,643,48
75216,15353,15352,1860,2027,862,2719,2905,2936,2043,1
75217,30652,30652,4133,4018,1589,5066,5516,5079,5251,0
75218,4250,4238,924,474,266,437,907,926,304,12
75219,2069,2047,362,302,66,263,517,265,272,22
75220,11984,11983,2081,1245,551,1890,2214,2055,1947,1
75223,4150,4149,466,575,315,778,853,602,560,1
75224,11921,11912,2337,1411,603,2053,1836,1955,1717,9
75225,5577,5577,607,742,247,1091,863,924,1103,0
75226,590,556,7,56,0,150,144,113,86,34
75227,19610,19586,3143,2244,939,3668,3917,3150,2525,24
75228,21082,21073,4083,2636,1251,3680,3442,3374,2607,9
75229,8000,8000,1475,943,411,1189,1376,1255,1351,0
75230,4480,4480,685,567,218,768,716,777,749,0
75231,10327,10327,2627,1664,420,1624,1421,1196,1375,0
75232,8179,8179,861,758,511,1234,1869,1400,1546,0
75233,4725,4725,735,657,233,886,575,841,798,0
75234,8457,8457,1582,954,297,1175,1344,1318,1787,0
75235,3251,3184,423,344,233,458,604,685,437,67
75236,5810,5810,859,717,248,1161,1151,892,782,0
75237,6562,6562,1138,888,657,1177,1049,913,740,0
75238,9491,9491,1978,1437,813,1590,1445,962,1266,0
75240,8404,8404,1292,1042,431,1538,1533,1296,1272,0
75241,9224,9033,1108,637,249,1456,1654,2170,1759,191
75243,17307,17301,4016,2338,944,3434,2432,2026,2111,6
75244,2435,2435,377,261,138,347,497,384,431,0
75246,659,646,147,85,47,90,146,27,104,13
75247,0,0,0,0,0,0,0,0,0,0
75248,7152,7152,1300,1168,523,1116,1104,933,1008,0
75249,4929,4929,703,603,320,1233,808,749,513,0
75251,324,324,82,0,0,23,59,70,90,0
75252,4475,4475,785,527,163,675,843,651,831,0
75253,8714,8698,1334,900,328,1827,1639,1337,1333,16
75254,6960,6960,1746,1112,501,1230,865,661,845,0
75270,0,0,0,0,0,0,0,0,0,0
75287,10745,10745,2447,1583,518,1762,1429,1399,1607,0
75390,0,0,0,0,0,0,0,0,0,0
75401,5157,5146,994,650,188,1121,792,899,502,11
75402,4104,4104,617,427,340,668,732,504,816,0
75407,5331,5331,724,463,344,812,1048,871,1069,0
75409,5647,5647,1046,793,184,669,998,1405,552,0
75410,976,976,101,55,75,120,210,278,137,0
75411,133,133,14,14,14,38,21,32,0,0
75412,110,110,0,0,24,0,20,43,23,0
75413,62,62,24,10,0,7,7,6,8,0
75414,891,891,98,96,39,68,163,210,217,0
75415,54,54,20,0,0,6,0,0,28,0
75416,787,787,118,85,29,149,79,143,184,0
75417,609,609,107,58,12,84,186,76,86,0
75418,2806,2804,473,201,212,298,395,638,587,2
75420,229,229,55,14,7,12,53,49,39,0
75421,273,273,80,8,36,12,66,70,1,0
75422,755,755,93,50,47,163,165,113,124,0
75423,689,689,54,53,36,137,97,170,142,0
75424,657,657,93,97,19,174,79,99,96,0
75426,636,636,137,0,0,83,147,135,134,0
75428,2021,2021,257,338,104,232,444,384,262,0
75431,455,455,71,78,39,61,90,85,31,0
75432,901,901,111,102,25,165,184,178,136,0
75433,666,666,87,60,15,166,109,106,123,0
75435,217,217,31,30,16,12,17,46,65,0
75436,735,735,163,38,26,164,139,50,155,0
75437,401,401,67,41,5,53,70,107,58,0
75438,262,262,23,14,13,24,61,64,63,0
75439,268,268,39,19,8,53,34,36,79,0
75440,1122,1122,174,86,66,173,178,194,251,0
75441,24,24,0,0,0,24,0,0,0,0
75442,2349,2349,459,260,13,450,303,457,407,0
75446,837,837,119,63,30,106,170,229,120,0
75447,310,310,18,44,13,86,41,59,49,0
75448,167,167,15,12,5,29,15,40,51,0
75449,301,301,54,18,18,44,51,57,59,0
75450,48,48,34,0,0,8,6,0,0,0
75451,157,157,40,8,10,6,65,10,18,0
75452,1291,1291,182,145,53,172,255,254,230,0
75453,703,703,138,112,63,38,76,94,182,0
75454,3400,3400,603,278,236,380,374,755,774,0
75455,8341,8341,1296,773,399,1338,1742,1304,1489,0
75457,1545,1545,235,96,98,262,169,298,387,0
75459,1222,1222,126,138,44,209,152,287,266,0
75460,5475,5454,1082,688,408,720,896,779,881,21
75462,2852,2852,386,224,176,395,489,703,479,0
75468,249,249,22,0,0,27,92,58,50,0
75469,28,28,3,0,3,9,9,2,2,0
75470,83,83,0,0,28,55,0,0,0,0
75471,564,542,63,20,19,118,136,134,52,22
75472,858,858,114,167,73,147,103,162,92,0
75473,784,784,92,175,78,81,156,40,162,0
75474,3298,3265,368,240,168,381,535,664,909,33
75475,14,14,0,4,0,0,0,5,5,0
75476,90,90,14,12,2,2,24,22,14,0
75477,290,290,84,43,0,27,29,34,73,0
75478,263,263,86,21,4,57,20,34,41,0
75479,320,320,39,35,15,59,63,52,57,0
75480,305,305,36,7,16,46,118,65,17,0
75481,76,76,11,5,0,10,7,15,28,0
75482,6056,6056,908,608,238,1117,934,1112,1139,0
75486,550,550,45,58,77,70,107,62,131,0
75487,578,578,88,42,25,168,79,82,94,0
75488,125,125,20,9,9,24,31,32,0,0
75489,331,331,30,79,10,67,51,45,49,0
75490,594,594,64,88,23,114,61,159,85,0
75491,1228,1228,114,144,91,224,171,207,277,0
75492,86,86,5,8,0,12,10,18,33,0
75493,240,240,33,47,24,40,46,29,21,0
75494,2406,2406,391,299,79,544,339,344,410,0
75495,1911,1910,239,91,85,312,449,523,211,1
75496,858,858,106,100,27,166,123,164,172,0
75497,575,575,113,25,22,47,97,139,132,0
75501,9002,8979,1415,1263,554,1407,1440,1418,1482,23
75503,6430,6430,990,709,110,915,1225,1321,1160,0
75550,41,41,0,3,0,0,11,10,17,0
75551,2777,2777,440,344,245,561,437,480,270,0
75554,381,381,11,77,8,42,71,94,78,0
75555,253,253,23,33,24,44,16,62,51,0
75556,325,325,47,24,31,88,40,40,55,0
75558,422,422,141,67,0,100,26,88,0,0
75559,1214,1214,108,104,153,327,201,156,165,0
75560,179,179,3,9,13,11,39,3,101,0
75561,1150,1150,203,77,56,205,281,153,175,0
75562,0,0,0,0,0,0,0,0,0,0
75563,874,866,191,104,36,24,112,253,146,8
75565,49,49,12,1,18,4,0,0,14,0
75566,158,158,1,15,11,25,16,36,54,0
75567,1279,1279,240,92,93,116,264,204,270,0
75568,598,598,61,56,15,145,121,183,17,0
75569,1108,1108,78,301,0,352,193,141,43,0
75570,1511,1511,128,149,84,201,371,212,366,0
75571,829,829,71,142,17,133,195,147,124,0
75572,779,779,148,36,58,101,127,105,204,0
75573,18,18,0,2,0,2,10,4,0,0
75574,350,350,56,29,14,55,68,86,42,0
75601,3611,3584,480,396,194,606,622,610,676,27
75602,6075,6074,1067,627,361,1020,1007,1149,843,1
75603,1534,1534,203,197,56,266,228,277,307,0
75604,8987,8979,1580,965,966,1174,1414,1214,1666,8
75605,6902,6870,1311,578,346,1089,1342,1389,815,32
75630,341,341,76,43,19,42,55,63,43,0
75631,923,923,143,111,41,179,103,153,193,0
75633,2994,2983,493,188,171,405,380,872,474,11
75638,1183,1183,144,98,47,194,142,323,235,0
75639,658,658,93,155,16,35,126,132,101,0
75640,1371,1371,161,178,28,138,314,330,222,0
75641,11,11,0,0,0,0,8,0,3,0
75642,4,4,0,0,0,0,0,0,4,0
75643,555,555,75,76,38,92,77,111,86,0
75644,3759,3759,505,462,209,780,658,635,510,0
75645,2333,2333,288,121,77,536,449,322,540,0
75647,3164,3161,424,523,119,472,502,781,340,3
75650,2760,2760,285,258,140,545,540,489,503,0
75651,486,486,62,0,0,132,72,100,120,0
75652,3130,3130,335,336,244,535,467,513,700,0
75654,3457,3457,833,331,195,597,635,453,413,0
75656,1103,1103,131,59,53,229,177,134,320,0
75657,1283,1283,261,94,78,193,241,203,213,0
75661,458,458,17,12,0,95,70,116,148,0
75662,6181,6176,1357,755,374,882,875,1005,928,5
75667,290,290,38,23,5,87,66,18,53,0
75668,657,657,152,30,18,90,158,46,163,0
75669,137,137,0,0,0,26,47,42,22,0
75670,4902,4847,1117,568,293,656,820,845,548,55
75672,3783,3738,492,378,238,518,608,672,832,45
75681,318,318,34,25,16,74,53,44,72,0
75682,167,167,14,5,0,43,13,58,34,0
75683,828,828,124,66,37,130,120,201,150,0
75684,1854,1854,186,155,159,315,405,330,304,0
75686,3415,3410,646,258,233,580,536,595,562,5
75691,1283,1283,233,192,16,194,226,263,159,0
75692,1011,1011,44,63,81,187,167,277,192,0
75693,1809,1809,182,321,42,447,310,209,298,0
75701,7689,7689,1444,1103,407,1292,1195,1176,1072,0
75702,7814,7751,1250,1262,496,1200,1215,1110,1218,63
75703,9634,9587,1765,1210,587,1539,1633,1392,1461,47
75704,2595,2579,355,196,246,449,464,390,479,16
75705,629,629,68,0,71,182,191,60,57,0
75706,2963,2963,347,460,124,557,401,677,397,0
75707,3450,3392,506,245,222,595,518,622,684,58
75708,2443,2443,425,309,174,366,289,510,370,0
75709,824,824,96,40,60,109,189,122,208,0
75750,654,654,84,143,21,127,95,107,77,0
75751,4774,4774,919,464,241,740,652,1021,737,0
75752,1186,1186,160,184,27,162,329,132,192,0
75754,1197,1197,146,102,66,174,212,170,327,0
75755,1060,1060,243,52,39,154,109,222,241,0
75756,1211,1211,275,78,86,72,286,221,193,0
75757,3326,3326,362,278,76,641,481,738,750,0
75758,1507,1507,212,137,151,226,229,392,160,0
75759,10,10,0,0,0,6,0,0,4,0
75760,432,432,11,24,49,127,77,75,69,0
75762,3422,3422,527,504,183,682,545,351,630,0
75763,1302,1302,287,110,34,120,314,216,221,0
75764,39,39,9,0,0,3,7,16,4,0
75765,958,958,169,80,22,134,150,189,214,0
75766,7429,7429,1148,1153,325,1215,1320,1146,1122,0
75770,601,601,109,73,42,80,95,81,121,0
75771,4887,4887,577,533,432,896,736,918,795,0
75773,3156,3156,478,336,156,514,470,698,504,0
75778,636,636,138,67,33,98,89,124,87,0
75779,55,55,11,20,14,0,10,0,0,0
75780,41,41,6,5,5,6,3,6,10,0
75783,1654,1654,201,187,216,359,205,137,349,0
75784,192,192,37,17,21,32,15,11,59,0
75785,2466,2422,407,209,65,404,469,384,484,44
75788,0,0,0,0,0,0,0,0,0,0
75789,2077,2077,294,224,113,391,364,366,325,0
75790,1058,1058,84,67,31,272,214,151,239,0
75791,3603,3603,564,202,289,349,447,877,875,0
75792,720,720,162,22,3,127,33,214,159,0
75801,4204,4204,582,607,157,684,761,765,648,0
75803,3976,3976,426,610,173,956,646,438,727,0
75831,1388,1388,220,159,65,187,242,249,266,0
75832,10,10,0,0,0,0,0,0,10,0
75833,644,644,74,25,54,133,66,188,104,0
75835,2565,2497,598,163,184,430,451,343,328,68
75838,212,212,0,0,22,29,18,44,99,0
75839,1638,1638,200,183,40,253,204,407,351,0
75840,1670,1668,301,130,87,280,284,173,413,2
75844,1162,1162,213,68,104,141,311,69,256,0
75845,565,564,56,45,26,122,85,129,101,1
75846,762,762,155,95,61,200,114,77,60,0
75847,419,419,16,60,8,67,93,95,80,0
75848,40,40,11,11,0,4,0,8,6,0
75849,14,13,0,3,0,0,0,0,10,1
75850,179,179,11,0,10,24,8,71,55,0
75851,508,493,16,34,37,129,96,97,84,15
75852,231,189,15,49,10,15,24,59,17,42
75853,15,15,0,0,0,0,7,8,0,0
75855,576,569,84,91,25,85,163,99,22,7
75856,17,17,17,0,0,0,0,0,0,0
75858,0,0,0,0,0,0,0,0,0,0
75859,223,223,21,28,0,68,25,61,20,0
75860,1376,1376,175,214,58,307,250,136,236,0
75861,434,434,28,113,22,66,93,50,62,0
75862,2144,2144,311,207,190,428,349,337,322,0
75901,7773,7745,1293,760,363,1360,1553,1388,1028,28
75904,9481,9469,1377,1038,526,1635,1464,1557,1872,12
75925,1088,1088,149,79,0,303,162,190,205,0
75926,249,249,45,49,11,21,40,32,51,0
75928,155,155,9,28,0,54,0,41,23,0
75929,313,313,51,55,15,15,54,57,66,0
75930,317,317,21,13,15,24,74,114,56,0
75931,421,421,25,5,35,19,164,120,53,0
75932,334,334,28,35,0,150,66,19,36,0
75933,194,194,15,40,0,58,0,51,30,0
75934,44,44,9,25,0,0,10,0,0,0
75935,4045,4045,580,505,175,704,706,654,721,0
75936,288,288,7,34,6,63,61,46,71,0
75937,178,178,9,23,13,25,30,40,38,0
75938,496,496,84,21,11,70,102,96,112,0
75939,1313,1313,231,75,45,208,185,313,256,0
75941,2136,2136,401,246,138,307,354,322,368,0
75942,109,109,44,0,0,0,65,0,0,0
75943,406,406,13,19,21,86,89,74,104,0
75944,151,151,37,5,24,14,14,8,49,0
75946,948,948,96,115,71,192,142,107,225,0
75948,1042,1042,334,55,55,203,164,109,122,0
75949,1875,1875,484,97,154,355,330,181,274,0
75951,4050,4050,623,478,327,522,688,765,647,0
75954,442,442,53,31,2,94,71,70,121,0
75956,2151,2151,278,176,186,441,344,368,358,0
75959,239,239,0,0,0,0,13,180,46,0
75960,230,230,0,0,0,93,86,33,18,0
75961,3864,3841,708,436,120,589,734,714,540,23
75962,5,0,0,0,0,0,0,0,0,5
75964,6061,6061,995,732,399,1154,1219,764,798,0
75965,3249,3240,585,448,243,502,419,422,621,9
75966,1193,1193,207,90,75,219,84,286,232,0
75968,374,374,33,35,26,16,44,93,127,0
75969,653,653,14,37,0,129,90,225,158,0
75972,1293,1293,188,150,89,90,161,356,259,0
75973,603,603,68,49,52,80,136,164,54,0
75974,762,762,114,164,43,69,150,138,84,0
75975,1017,1017,163,96,18,208,126,186,220,0
75976,255,255,52,48,20,47,34,24,30,0
75977,26,26,0,0,7,12,0,7,0,0
75978,45,45,13,0,0,7,0,16,9,0
75979,2136,2101,325,161,85,425,419,322,364,35
75980,554,554,67,67,14,86,81,112,127,0
76001,9628,9622,1262,932,397,1262,1835,1618,2316,6
76002,10568,10568,1546,1043,460,1648,2119,1982,1770,0
76006,5141,5141,1166,817,302,739,709,734,674,0
76008,5890,5890,632,464,279,1051,1271,1169,1024,0
76009,5880,5880,887,457,396,1071,1153,986,930,0
76010,19135,19120,3166,2184,1220,3175,3544,3108,2723,15
76011,5175,5163,1308,496,396,962,679,829,493,12
76012,5362,5362,894,424,285,623,1055,1155,926,0
76013,7268,7263,1315,664,360,1676,1172,1139,937,5
76014,9781,9772,1317,846,680,1987,1816,1658,1468,9
76015,3744,3743,764,472,210,556,598,615,528,1
76016,6807,6802,851,362,192,1009,1556,1339,1493,5
76017,11061,11051,1513,1213,590,1612,1703,2068,2352,10
76018,8428,8426,1331,683,287,1725,1291,1245,1864,2
76020,6444,6441,1155,788,329,954,1126,950,1139,3
76021,7389,7389,1000,1082,334,1049,1186,1433,1305,0
76022,2885,2885,558,227,194,617,594,355,340,0
76023,1468,1468,282,193,68,162,225,258,280,0
76028,18890,18882,3153,1957,950,3038,3521,2974,3289,8
76031,4491,4491,529,587,311,847,808,730,679,0
76033,6319,6319,1113,697,352,781,1018,1168,1190,0
76034,6190,6190,721,560,254,1144,1157,1127,1227,0
76035,402,402,30,8,2,35,83,126,118,0
76036,7260,7260,990,643,313,1045,1250,1655,1364,0
76039,7851,7851,1196,857,508,1386,1367,1496,1041,0
76040,8345,8345,1493,842,407,1568,1382,1528,1125,0
76041,67,67,0,3,3,19,12,20,10,0
76043,1742,1721,298,123,106,240,356,351,247,21
76044,927,923,95,80,38,98,228,127,257,4
76048,5504,5440,683,699,285,908,1027,840,998,64
76049,5837,5837,915,807,455,977,799,825,1059,0
76050,1427,1427,163,193,20,231,271,286,263,0
76051,12130,12128,1634,1047,607,1889,2565,2231,2155,2
76052,6422,6422,430,669,497,1383,1333,1036,1074,0
76053,8321,8321,1636,1042,613,1123,1547,1151,1209,0
76054,2862,2862,315,282,108,506,553,627,471,0
76055,627,589,69,81,34,91,94,140,80,38
76058,5926,5926,829,607,371,848,1132,1160,979,0
76059,1270,1270,144,127,20,242,216,291,230,0
76060,2183,2183,339,303,96,188,361,522,374,0
76061,0,0,0,0,0,0,0,0,0,0
76063,21370,21355,2172,2147,1081,3460,3990,4114,4391,15
76064,628,628,192,45,32,142,57,91,69,0
76065,10165,10165,1510,902,328,1643,1713,2266,1803,0
76066,301,301,102,34,2,24,67,27,45,0
76067,4954,4952,531,776,268,936,823,801,817,2
76070,228,228,27,0,0,0,4,145,52,0
76071,1224,1224,274,70,70,168,187,267,188,0
76073,1469,1469,102,113,96,256,211,342,349,0
76077,31,0,0,0,0,0,0,0,0,31
76078,2982,2982,402,337,195,519,585,537,407,0
76082,4930,4930,728,545,132,862,794,950,919,0
76084,2374,2374,357,263,120,380,419,397,438,0
76085,2694,2694,299,157,146,378,474,479,761,0
76086,5842,5826,973,875,244,902,1162,779,891,16
76087,6758,6758,1057,536,309,1272,1448,1140,996,0
76088,2767,2752,371,362,230,553,407,351,478,15
76092,10168,10168,853,762,456,1520,1920,2056,2601,0
76093,392,392,45,39,32,45,123,42,66,0
76102,1195,931,225,106,57,192,131,129,91,264
76103,3768,3697,789,555,182,446,593,548,584,71
76104,5635,5621,946,784,225,912,851,983,920,14
76105,7280,7264,1097,1034,441,1166,1151,1259,1116,16
76106,12785,12777,2135,1466,1053,2114,1941,2194,1874,8
76107,5231,5231,862,578,202,550,692,1205,1142,0
76108,11522,11522,2150,1388,573,1619,2080,1688,2024,0
76109,4292,4292,895,517,242,623,686,779,550,0
76110,8395,8395,1492,942,672,1373,1371,1310,1235,0
76111,6687,6624,941,699,375,1309,971,1151,1178,63
76112,10952,10951,1980,1294,531,1796,1937,1887,1526,1
76114,7019,7017,993,697,403,1005,1224,1296,1399,2
76115,7029,7029,1334,892,424,1124,1185,1167,903,0
76116,11731,11714,2300,1596,499,1805,1707,1811,1996,17
76117,8549,8549,1464,776,372,1211,1595,1668,1463,0
76118,4295,4295,720,533,226,686,617,819,694,0
76119,16623,16623,2655,1797,832,3053,3235,2613,2438,0
76120,4683,4683,765,432,322,827,732,917,688,0
76123,10870,10870,1621,876,487,2034,2221,1672,1959,0
76126,6058,6053,1094,682,468,1251,947,1095,516,5
76127,42,42,0,10,0,0,9,11,12,0
76129,0,0,0,0,0,0,0,0,0,0
76131,14087,14087,2203,1601,1034,2313,2365,2588,1983,0
76132,5691,5684,1484,747,404,974,921,541,613,7
76133,13271,13264,2213,1436,648,1951,2431,2081,2504,7
76134,7351,7351,1432,1031,658,1409,912,757,1152,0
76135,5591,5591,1066,626,247,1035,853,963,801,0
76137,16413,16413,2746,1917,716,2542,2648,2753,3091,0
76140,9114,9114,1461,823,496,1476,1398,1645,1815,0
76148,5778,5778,926,690,228,972,1035,914,1013,0
76155,936,936,225,223,29,173,186,60,40,0
76164,4006,4005,706,423,314,760,772,570,460,1
76177,3210,3210,763,444,298,617,561,295,232,0
76179,20099,20099,3437,2240,978,3497,2975,3615,3357,0
76180,8628,8628,1545,1019,565,1161,1691,1722,925,0
76182,7252,7252,952,702,370,1226,1169,1343,1490,0
76201,2211,1823,275,145,97,377,228,248,453,388
76205,3460,3410,732,316,191,580,398,599,594,50
76207,3071,3046,709,325,138,553,394,472,455,25
76208,6435,6435,1106,1016,159,1349,795,1090,920,0
76209,6051,6051,1157,866,491,855,992,834,856,0
76210,10661,10423,1459,971,653,1848,1738,1847,1907,238
76225,639,639,70,165,49,81,83,82,109,0
76226,7585,7585,866,682,354,1356,1514,1296,1517,0
76227,10359,10359,1692,996,705,1839,2187,1533,1407,0
76228,233,233,13,18,15,26,45,71,45,0
76230,2199,2199,262,118,138,396,687,336,262,0
76233,899,899,116,111,42,141,133,190,166,0
76234,4427,4427,660,549,295,605,669,876,773,0
76238,46,46,5,4,0,4,5,3,25,0
76239,198,198,28,31,0,15,26,46,52,0
76240,6850,6702,1241,843,309,997,1334,904,1074,148
76244,24749,24749,2952,2684,1933,4110,4748,4213,4109,0
76245,190,190,51,0,0,12,11,87,29,0
76247,3806,3806,500,452,172,715,714,639,614,0
76248,11026,11026,1195,762,549,1890,2118,2231,2281,0
76249,1987,1987,179,105,103,443,257,480,420,0
76250,320,320,26,37,18,88,62,47,42,0
76251,188,188,26,14,5,44,42,37,20,0
76252,563,563,72,48,16,81,127,79,140,0
76253,91,91,6,20,3,14,5,25,18,0
76255,1272,1272,274,102,46,219,260,171,200,0
76258,1446,1446,257,59,24,305,191,285,325,0
76259,1754,1754,314,163,64,156,355,408,294,0
76261,31,31,7,0,0,9,0,8,7,0
76262,11408,11379,1600,1413,777,2102,1788,1861,1838,29
76263,0,0,0,0,0,0,0,0,0,0
76264,208,208,12,6,23,25,17,92,33,0
76265,391,391,126,36,8,77,46,37,61,0
76266,3858,3858,587,548,97,505,667,774,680,0
76268,67,67,7,16,0,8,19,17,0,0
76270,449,449,161,32,33,83,25,23,92,0
76271,481,481,58,30,29,108,144,73,39,0
76272,795,795,122,69,49,162,139,118,136,0
76273,2370,2370,580,245,28,441,272,358,446,0
76301,3621,3604,764,453,147,648,443,586,563,17
76302,3517,3468,775,475,146,661,606,419,386,49
76305,874,874,98,75,28,185,141,142,205,0
76306,3666,3666,356,286,135,913,596,579,801,0
76308,3822,3822,688,609,279,636,555,576,479,0
76309,3385,3383,632,334,125,625,513,673,481,2
76310,4932,4918,711,485,279,819,1005,910,709,14
76311,862,814,185,126,33,112,172,125,61,48
76351,500,500,36,52,17,119,107,53,116,0
76354,2993,2992,367,491,180,373,446,606,529,1
76357,181,181,37,6,0,46,42,34,16,0
76360,542,542,108,41,25,110,89,56,113,0
76363,181,181,9,14,0,66,29,17,46,0
76364,57,57,6,6,3,13,12,7,10,0
76365,918,917,108,69,25,228,142,161,184,1
76366,401,401,79,7,38,31,94,67,85,0
76367,2497,2480,489,312,126,407,468,408,270,17
76370,17,17,4,5,0,1,7,0,0,0
76371,326,326,94,53,20,41,42,38,38,0
76372,364,364,45,37,11,79,53,56,83,0
76373,8,8,0,0,0,0,4,4,0,0
76374,877,877,160,72,45,159,239,119,83,0
76377,107,107,31,13,0,6,28,16,13,0
76379,165,165,31,33,5,33,4,25,34,0
76380,746,746,107,46,62,138,167,125,101,0
76384,2723,2673,321,330,95,563,511,386,467,50
76388,20,20,1,1,1,5,3,2,7,0
76389,262,262,31,34,14,26,41,62,54,0
76401,6400,6350,1163,667,330,1157,887,1073,1073,50
76402,31,0,0,0,0,0,0,0,0,31
76424,2071,2071,339,165,168,354,389,383,273,0
76426,2570,2570,401,263,122,333,371,511,569,0
76427,221,221,49,3,11,42,39,45,32,0
76429,0,0,0,0,0,0,0,0,0,0
76430,575,567,124,59,17,114,18,93,142,8
76431,1181,1181,90,88,29,249,199,335,191,0
76432,273,273,27,35,0,62,58,70,21,0
76433,323,323,47,71,39,11,27,62,66,0
76435,84,84,18,3,9,32,14,0,8,0
76436,83,83,10,10,0,13,0,39,11,0
76437,1406,1406,167,93,0,293,87,359,407,0
76442,1805,1805,312,80,94,298,253,392,376,0
76443,482,482,48,63,42,80,109,77,63,0
76444,675,675,172,26,13,119,124,165,56,0
76445,41,41,19,18,0,0,0,4,0,0
76446,1877,1876,486,167,103,350,254,300,216,1
76448,931,909,113,239,75,139,166,36,141,22
76449,455,455,92,74,8,74,58,59,90,0
76450,3064,3064,338,393,217,392,516,684,524,0
76452,35,35,0,21,0,0,14,0,0,0
76453,195,195,38,19,9,43,19,33,34,0
76454,463,463,92,101,35,17,90,97,31,0
76455,261,261,20,29,14,49,39,63,47,0
76457,823,823,74,112,52,63,190,165,167,0
76458,1246,1246,150,213,8,146,185,293,251,0
76459,85,85,15,9,5,27,25,0,4,0
76460,15,15,0,0,0,0,0,7,8,0
76462,760,760,99,75,30,100,111,202,143,0
76463,28,28,4,0,0,2,4,14,4,0
76464,74,74,7,14,5,3,14,22,9,0
76466,0,0,0,0,0,0,0,0,0,0
76469,4,4,1,1,0,0,0,2,0,0
76470,742,742,135,44,29,146,159,134,95,0
76471,264,264,59,35,3,47,34,51,35,0
76472,445,445,9,8,41,99,65,97,126,0
76474,22,22,0,0,0,0,7,8,7,0
76475,231,231,9,24,22,25,24,56,71,0
76476,572,572,38,107,1,115,81,165,65,0
76481,115,115,27,0,0,0,0,29,59,0
76483,135,135,20,39,9,11,19,9,28,0
76484,162,162,34,40,0,9,41,19,19,0
76486,172,172,6,53,0,36,56,6,15,0
76487,900,900,69,75,52,201,202,88,213,0
76490,6,6,0,0,0,0,0,0,6,0
76491,81,81,16,2,0,29,5,6,23,0
76501,4104,4104,657,519,219,783,638,542,746,0
76502,11481,11481,2749,1615,605,1952,1483,1530,1547,0
76504,5675,5654,932,666,390,980,1233,836,617,21
76508,0,0,0,0,0,0,0,0,0,0
76511,491,491,31,62,21,80,108,86,103,0
76513,10427,10411,1622,1058,449,1827,2025,1929,1501,16
76518,572,572,77,76,5,83,96,124,111,0
76519,277,277,22,49,59,39,16,48,44,0
76520,1904,1876,200,136,141,272,359,327,441,28
76522,9754,9752,1402,1185,512,1545,1815,1618,1675,2
76523,0,0,0,0,0,0,0,0,0,0
76524,627,627,71,73,33,119,95,107,129,0
76525,256,256,42,28,4,20,53,64,45,0
76527,818,818,150,48,30,173,146,105,166,0
76528,4189,4143,735,514,213,661,581,871,568,46
76530,329,329,45,27,15,64,78,45,55,0
76531,955,952,149,139,40,110,203,171,140,3
76534,939,939,107,82,49,234,214,162,91,0
76537,1582,1582,254,199,150,251,250,241,237,0
76538,286,286,50,13,0,58,68,40,57,0
76539,1794,1794,199,237,62,154,335,487,320,0
76541,4478,4464,765,762,192,581,805,666,693,14
76542,15372,15371,2511,1874,958,2421,2471,2459,2677,1
76543,8345,8320,1516,1230,620,1392,1359,1150,1053,25
76544,4670,4670,1310,866,385,954,583,374,198,0
76548,8496,8496,1148,819,431,1619,1577,1446,1456,0
76549,16818,16818,3444,2480,1125,2651,2235,2636,2247,0
76550,3242,3242,487,449,142,241,394,830,699,0
76554,772,772,111,118,49,158,91,102,143,0
76556,317,317,41,20,28,42,72,61,53,0
76557,1227,1227,153,123,103,119,174,248,307,0
76559,1993,1993,420,129,178,373,241,247,405,0
76561,276,276,24,13,5,50,55,84,45,0
76565,20,20,0,0,0,0,0,0,20,0
76566,57,57,0,4,0,19,14,14,6,0
76567,2111,2073,320,431,41,189,298,408,386,38
76569,781,781,58,87,22,105,135,157,217,0
76570,630,630,179,112,37,62,89,98,53,0
76571,2439,2439,280,204,113,315,390,601,536,0
76573,6,6,6,0,0,0,0,0,0,0
76574,3952,3951,517,467,159,716,690,812,590,1
76577,607,607,102,39,15,98,135,97,121,0
76578,386,386,65,24,28,64,46,113,46,0
76579,1638,1638,248,242,45,411,258,206,228,0
76596,6,0,0,0,0,0,0,0,0,6
76597,0,0,0,0,0,0,0,0,0,0
76598,3,0,0,0,0,0,0,0,0,3
76599,7,0,0,0,0,0,0,0,0,7
76621,210,210,20,24,8,36,31,44,47,0
76622,249,249,19,31,16,56,36,49,42,0
76623,65,65,5,2,12,18,16,12,0,0
76624,530,530,175,52,13,87,42,77,84,0
76626,450,450,30,52,19,36,89,157,67,0
76627,377,377,48,31,17,86,78,53,64,0
76628,10,10,0,0,0,4,0,3,3,0
76629,240,240,29,22,10,75,30,54,20,0
76630,354,354,25,16,20,60,66,145,22,0
76631,205,205,32,5,3,19,42,26,78,0
76632,391,391,51,22,27,96,120,35,40,0
76633,1397,1397,169,149,57,161,154,384,323,0
76634,1355,1355,181,153,54,189,255,314,209,0
76635,342,342,53,45,19,60,87,40,38,0
76636,295,295,81,24,13,26,34,73,44,0
76637,112,112,19,12,8,19,15,8,31,0
76638,841,841,153,89,26,103,134,173,163,0
76639,288,288,48,4,5,54,61,80,36,0
76640,979,979,219,114,130,65,289,59,103,0
76641,339,339,74,31,15,30,62,60,67,0
76642,1445,1445,289,65,78,239,228,273,273,0
76643,3168,3168,528,428,103,534,634,452,489,0
76645,2556,2548,519,270,207,354,433,364,401,8
76648,658,658,96,63,6,133,116,139,105,0
76649,139,139,17,22,1,7,19,47,26,0
76650,51,51,11,13,0,19,8,0,0,0
76651,749,749,165,74,35,134,120,99,122,0
76652,265,265,22,39,10,62,47,43,42,0
76653,219,219,26,25,7,74,19,34,34,0
76654,28,28,0,4,0,5,7,7,5,0
76655,2070,2070,156,157,146,257,392,500,462,0
76656,624,624,62,71,21,84,126,143,117,0
76657,2568,2568,293,235,157,422,426,517,518,0
76660,165,165,17,25,2,36,25,30,30,0
76661,1510,1510,306,64,98,299,173,328,242,0
76664,1147,907,124,47,47,205,201,150,133,240
76665,556,556,46,54,27,92,96,103,138,0
76666,77,77,22,10,8,16,7,7,7,0
76667,2699,2638,440,340,104,480,396,399,479,61
76670,360,360,40,36,11,101,59,52,61,0
76671,302,302,56,30,9,29,60,63,55,0
76673,694,694,63,81,50,197,99,143,61,0
76676,75,75,5,10,0,14,24,13,9,0
76678,77,77,2,2,17,25,29,2,0,0
76679,409,409,43,33,0,67,59,134,73,0
76680,53,53,0,0,0,0,0,33,20,0
76681,176,176,12,37,0,81,7,12,27,0
76682,666,666,146,76,16,118,108,123,79,0
76685,0,0,0,0,0,0,0,0,0,0
76686,46,46,6,9,6,6,0,12,7,0
76687,321,321,75,38,20,39,54,51,44,0
76689,981,981,139,110,46,97,212,197,180,0
76690,309,309,73,22,18,73,60,39,24,0
76691,1389,1376,175,133,50,197,317,253,251,13
76692,2043,2043,170,197,86,254,374,457,505,0
76693,422,422,57,56,24,67,98,89,31,0
76701,271,271,55,12,5,46,99,20,34,0
76704,2458,2432,602,174,57,460,487,350,302,26
76705,7900,7853,1295,703,532,1376,1447,1156,1344,47
76706,8708,8688,1487,1442,396,1324,1206,1309,1524,20
76707,4885,4885,1140,621,213,812,788,638,673,0
76708,8020,7994,1155,1070,455,1360,1321,1400,1233,26
76710,5023,5023,969,798,253,1092,773,562,576,0
76711,2518,2513,363,181,106,427,372,467,597,5
76712,6193,6191,1062,678,346,865,1203,960,1077,2
76798,10,0,0,0,0,0,0,0,0,10
76801,5576,5455,820,608,301,899,884,924,1019,121
76802,1294,1292,153,75,138,105,311,162,348,2
76820,0,0,0,0,0,0,0,0,0,0
76821,886,886,136,115,27,246,117,89,156,0
76823,588,588,94,98,24,122,95,93,62,0
76824,0,0,0,0,0,0,0,0,0,0
76825,1606,1603,283,170,57,255,333,245,260,3
76827,91,91,8,13,3,24,8,25,10,0
76828,51,51,0,0,0,22,12,0,17,0
76831,0,0,0,0,0,0,0,0,0,0
76832,206,158,17,0,7,16,43,39,36,48
76834,1194,1194,180,150,110,226,277,27,224,0
76836,0,0,0,0,0,0,0,0,0,0
76837,370,370,62,11,0,123,43,66,65,0
76841,0,0,0,0,0,0,0,0,0,0
76842,26,26,0,0,0,0,0,12,14,0
76844,662,662,71,19,16,112,189,174,81,0
76845,62,62,5,12,7,0,18,20,0,0
76848,0,0,0,0,0,0,0,0,0,0
76849,844,844,186,47,23,98,137,157,196,0
76852,58,58,10,4,0,0,6,17,21,0
76853,348,333,20,10,17,44,55,132,55,15
76854,23,23,0,0,0,0,0,0,23,0
76856,923,923,179,93,79,113,122,165,172,0
76857,363,363,21,0,9,35,132,108,58,0
76858,75,75,19,19,0,0,6,16,15,0
76859,266,266,9,0,13,43,67,102,32,0
76861,578,578,68,60,12,120,111,76,131,0
76862,42,42,0,0,0,0,11,21,10,0
76864,188,134,16,14,21,33,22,0,28,54
76865,0,0,0,0,0,0,0,0,0,0
76866,84,84,16,5,5,11,23,13,11,0
76869,0,0,0,0,0,0,0,0,0,0
76870,71,71,13,18,0,15,8,0,17,0
76871,117,117,20,17,2,13,38,17,10,0
76872,168,168,0,7,10,24,37,38,52,0
76873,0,0,0,0,0,0,0,0,0,0
76874,0,0,0,0,0,0,0,0,0,0
76875,98,98,11,22,0,15,15,12,23,0
76877,877,877,140,116,38,176,132,128,147,0
76878,370,370,39,38,8,54,44,107,80,0
76882,21,21,0,12,0,5,4,0,0,0
76884,18,18,2,0,0,0,10,0,6,0
76885,122,122,36,22,0,0,13,42,9,0
76887,0,0,0,0,0,0,0,0,0,0
76888,22,22,0,0,0,9,0,10,3,0
76890,207,207,8,10,13,43,46,38,49,0
76901,7814,7814,1000,1113,243,1119,1500,1359,1480,0
76903,7208,7183,882,812,451,1237,1176,1494,1131,25
76904,8191,8184,1331,1106,379,1294,1403,1553,1118,7
76905,3757,3754,809,655,226,503,760,388,413,3
76908,8,0,0,0,0,0,0,0,0,8
76930,16,16,6,0,6,4,0,0,0,0
76932,1277,1277,195,179,24,298,253,205,123,0
76933,277,224,16,17,21,49,36,50,35,53
76934,248,199,24,22,5,51,58,11,28,49
76935,488,488,49,85,18,108,87,104,37,0
76936,789,789,99,118,29,133,152,132,126,0
76937,0,0,0,0,0,0,0,0,0,0
76939,0,0,0,0,0,0,0,0,0,0
76940,2,0,0,0,0,0,0,0,0,2
76941,409,409,27,33,20,98,41,155,35,0
76943,781,781,90,34,46,133,139,178,161,0
76945,400,400,57,2,2,96,73,90,80,0
76949,1,0,0,0,0,0,0,0,0,1
76950,1009,1008,204,126,46,141,191,183,117,1
76951,424,424,36,41,16,84,94,44,109,0
76953,0,0,0,0,0,0,0,0,0,0
76955,67,67,46,0,0,0,0,7,14,0
76957,72,72,44,0,0,28,0,0,0,0
76958,11,11,0,0,0,0,11,0,0,0
77002,166,166,77,19,0,0,8,14,48,0
77003,1603,1603,380,154,89,210,272,251,247,0
77004,4685,4624,1276,606,296,592,831,403,620,61
77005,7175,7130,1390,770,410,1104,1314,1073,1069,45
77006,1940,1884,521,146,159,388,305,255,110,56
77007,4501,4501,1580,761,287,771,454,283,365,0
77008,5786,5786,1923,528,237,1308,751,423,616,0
77009,8151,8151,1691,904,396,1282,1353,1158,1367,0
77010,21,21,0,0,0,11,0,0,10,0
77011,4426,4426,704,588,254,703,770,615,792,0
77012,5581,5581,957,572,225,1103,1089,857,778,0
77013,5220,5220,885,748,342,771,952,581,941,0
77014,11231,11231,2284,929,849,2104,1689,1414,1962,0
77015,18054,18054,2964,1765,727,2708,3389,3230,3271,0
77016,8078,8077,1346,1049,312,1286,1443,1338,1303,1
77017,8746,8746,1241,1093,373,1427,1480,1616,1516,0
77018,7262,7230,1536,1211,440,1381,1058,887,717,32
77019,3047,3047,448,319,280,331,575,563,531,0
77020,7412,7387,1335,969,347,1237,1144,1182,1173,25
77021,5695,5674,881,817,277,806,929,897,1067,21
77022,7791,7791,1440,832,317,1219,1104,1567,1312,0
77023,7365,7350,1361,695,344,1217,1422,1224,1087,15
77024,9708,9708,971,837,620,1584,1744,1953,1999,0
77025,5763,5761,1160,893,386,768,883,950,721,2
77026,4746,4745,598,571,363,833,803,673,904,1
77027,2357,2357,713,379,127,196,229,432,281,0
77028,4532,4523,632,299,138,859,808,926,861,9
77029,5006,5006,801,413,200,651,1281,753,907,0
77030,2304,2298,523,372,227,417,364,251,144,6
77031,4746,4746,924,426,176,625,619,1038,938,0
77032,5898,5898,819,534,221,1022,1017,988,1297,0
77033,8936,8936,1493,887,511,1584,1637,1354,1470,0
77034,12266,12261,2259,1396,666,1915,1987,1947,2091,5
77035,9764,9764,1759,1136,592,1729,1638,1275,1635,0
77036,21302,21301,3769,2854,1204,3792,3389,3393,2900,1
77037,5913,5913,1224,429,279,885,1174,836,1086,0
77038,10688,10688,2051,1021,489,1813,2029,1826,1459,0
77039,9794,9781,1484,1247,506,1487,1564,1470,2023,13
77040,11132,11132,1698,1086,437,2158,2180,1948,1625,0
77041,7736,7733,884,666,392,1377,1519,1101,1794,3
77042,9574,9572,2318,920,561,1555,1227,1277,1714,2
77043,5840,5825,1376,644,236,860,958,992,759,15
77044,15662,15662,2638,2189,841,2854,3001,2225,1914,0
77045,10659,10659,1137,1278,601,1969,2045,1468,2161,0
77046,13,13,13,0,0,0,0,0,0,0
77047,9175,9175,1485,1024,526,1744,1695,1351,1350,0
77048,5658,5657,1160,503,267,617,821,1410,879,1
77049,11702,11697,1961,1114,457,2282,1972,2054,1857,5
77050,1295,1295,175,75,70,268,277,238,192,0
77051,4923,4923,556,619,300,1032,785,533,1098,0
77053,9403,9403,1303,834,503,1847,1751,1440,1725,0
77054,2333,2333,795,229,156,182,365,350,256,0
77055,11860,11860,2357,1380,735,1831,1903,1733,1921,0
77056,2909,2909,770,290,75,577,475,325,397,0
77057,7946,7946,2083,1199,541,1055,1415,914,739,0
77058,2819,2819,608,358,198,420,392,422,421,0
77059,4420,4420,448,346,235,742,826,965,858,0
77060,16273,16268,3318,2053,960,2950,2684,2470,1833,5
77061,7590,7590,1288,969,431,1242,1353,1149,1158,0
77062,6774,6774,1332,943,601,1059,874,1007,958,0
77063,7816,7816,2398,1279,370,1138,1036,743,852,0
77064,11880,11880,1706,1252,668,2433,2150,1719,1952,0
77065,8909,8909,1272,811,494,1357,2024,1771,1180,0
77066,9288,9288,1178,1091,300,1698,1672,1684,1665,0
77067,11426,11413,1916,1341,462,2036,1725,2037,1896,13
77068,1881,1881,416,222,32,273,335,242,361,0
77069,4537,4537,455,390,187,678,1111,918,798,0
77070,13047,13045,1743,1351,1159,2558,1716,2195,2323,2
77071,7651,7651,1121,1016,253,1785,1340,1218,918,0
77072,17086,17086,2968,1592,959,2587,2558,2850,3572,0
77073,11802,11802,1812,1241,765,1868,2175,2092,1849,0
77074,12452,12413,2308,1639,807,2135,1954,2179,1391,39
77075,12954,12954,1621,1847,606,2429,2264,2235,1952,0
77076,11768,11768,1957,1470,708,2140,1704,1662,2127,0
77077,12923,12923,2799,1358,797,2137,2065,1686,2081,0
77078,4908,4908,538,526,277,849,911,926,881,0
77079,10475,10475,1201,1392,671,1855,1892,1605,1859,0
77080,12922,12922,2210,1549,769,2310,2235,1795,2054,0
77081,16720,16621,3536,2162,1087,2595,2676,2181,2384,99
77082,11924,11924,2699,1785,946,1667,1930,1310,1587,0
77083,19743,19743,2658,2116,1190,3163,3188,3475,3953,0
77084,30280,30280,5045,2847,1297,4642,5507,5703,5239,0
77085,4752,4738,795,451,171,918,754,569,1080,14
77086,8837,8837,1302,829,253,1565,1680,1718,1490,0
77087,11288,11275,1958,1603,739,1994,1527,1722,1732,13
77088,15589,15564,2716,1687,628,2126,2770,3068,2569,25
77089,13491,13491,1948,1447,492,2150,2175,2670,2609,0
77090,12187,12164,2014,1327,1074,1996,2223,1954,1576,23
77091,8080,8047,1436,783,615,1358,1575,1109,1171,33
77092,10154,10153,2317,1430,538,1473,1188,1634,1573,1
77093,15114,15113,2618,1549,695,3056,2417,2387,2391,1
77094,2830,2830,332,376,144,586,478,525,389,0
77095,18071,18071,2764,2000,942,2752,2783,3107,3723,0
77096,8299,8292,1422,1053,490,1572,1297,1262,1196,7
77098,1373,1373,285,165,18,371,235,219,80,0
77099,14475,14475,2748,1420,934,2212,2677,2187,2297,0
77201,0,0,0,0,0,0,0,0,0,0
77301,9168,9159,1662,1154,518,1538,1446,1626,1215,9
77302,5222,5222,897,251,106,1028,855,1271,814,0
77303,5853,5848,964,401,214,923,1029,1169,1148,5
77304,7877,7866,1845,861,594,1398,1487,962,719,11
77306,4140,4140,589,650,45,230,814,984,828,0
77316,7448,7448,891,772,468,1441,1402,1261,1213,0
77318,3140,3140,482,317,91,662,431,518,639,0
77320,5261,5206,1011,715,218,703,878,934,747,55
77326,0,0,0,0,0,0,0,0,0,0
77327,7629,7629,1309,593,470,1407,1235,1341,1274,0
77328,4264,4264,520,485,310,567,764,944,674,0
77331,1395,1395,187,81,112,186,286,258,285,0
77334,57,57,57,0,0,0,0,0,0,0
77335,595,595,62,42,66,122,137,29,137,0
77336,3754,3754,579,361,186,746,430,659,793,0
77338,13128,13125,2350,1867,591,1979,2203,2013,2122,3
77339,10141,10141,1234,944,606,1681,1840,1906,1930,0
77340,4037,4031,499,380,376,810,613,810,543,6
77342,0,0,0,0,0,0,0,0,0,0
77345,7535,7535,738,560,294,1355,1316,1780,1492,0
77346,20046,20046,3556,1952,848,3194,4014,3448,3034,0
77350,35,35,0,0,0,0,5,23,7,0
77351,6690,6676,1158,735,331,1115,962,1305,1070,14
77354,10119,10116,1785,975,368,2024,1867,1529,1568,3
77355,6933,6933,886,738,524,1197,1139,1328,1121,0
77356,4865,4865,678,484,299,628,719,706,1351,0
77357,8487,8482,1547,1062,281,1371,1396,1295,1530,5
77358,1585,1484,259,208,163,181,148,286,239,101
77359,0,0,0,0,0,0,0,0,0,0
77360,986,986,95,159,89,139,138,162,204,0
77362,1896,1896,288,49,43,410,312,303,491,0
77363,532,532,62,40,3,115,64,70,178,0
77364,188,188,0,7,29,10,50,21,71,0
77365,9574,9574,1332,1504,178,1590,1703,1445,1822,0
77367,8,0,0,0,0,0,0,0,0,8
77368,17,17,0,0,0,0,17,0,0,0
77369,60,60,0,13,16,0,16,0,15,0
77371,1834,1834,234,237,240,150,332,405,236,0
77372,4145,4144,496,518,183,712,848,707,680,1
77373,15952,15937,2160,2007,891,2671,3053,2606,2549,15
77374,100,100,70,0,0,0,0,0,30,0
77375,15635,15604,3136,1904,848,2170,2462,2686,2398,31
77376,61,61,0,19,0,0,0,0,42,0
77377,11319,11319,1966,1006,355,2391,1641,1838,2122,0
77378,5446,5445,645,478,509,1139,1170,609,895,1
77379,21284,21227,2894,2054,1060,3572,4417,3841,3389,57
77380,4423,4419,874,538,287,599,561,826,734,4
77381,8489,8487,1192,915,506,1656,1535,1341,1342,2
77382,13265,13260,703,576,860,2075,2726,2993,3327,5
77384,4060,4060,715,546,213,548,819,582,637,0
77385,6961,6961,1367,729,283,1122,966,1149,1345,0
77386,18477,18477,3099,2141,1450,3487,3273,2483,2544,0
77388,13339,13339,2070,1415,648,1994,2273,2471,2468,0
77389,12645,12645,1840,1692,885,2073,2131,2497,1527,0
77396,15585,15578,3186,1581,1074,2797,2346,2675,1919,7
77401,4938,4938,416,507,308,909,809,1134,855,0
77406,12854,12854,2067,1775,841,1799,2214,2314,1844,0
77407,18303,18303,3401,2255,863,3664,3393,2312,2415,0
77412,5,5,0,0,5,0,0,0,0,0
77414,6167,6167,1025,697,445,1078,920,985,1017,0
77415,41,41,0,0,0,0,17,0,24,0
77417,552,552,24,38,36,66,168,122,98,0
77418,2199,2199,225,260,213,202,441,393,465,0
77419,403,403,120,0,18,72,91,72,30,0
77420,708,708,120,111,17,71,64,190,135,0
77422,2728,2721,415,313,120,589,398,482,404,7
77423,3409,3403,568,414,255,515,549,500,602,6
77426,629,629,24,0,35,68,109,142,251,0
77428,0,0,0,0,0,0,0,0,0,0
77429,26730,26730,3487,3050,1425,4687,5413,4370,4298,0
77430,652,652,202,4,24,162,75,66,119,0
77432,0,0,0,0,0,0,0,0,0,0
77433,30799,30799,4390,3672,1742,5346,5456,5589,4604,0
77434,1241,1241,86,108,20,229,319,205,274,0
77435,1074,1074,142,56,61,168,113,257,277,0
77436,20,20,20,0,0,0,0,0,0,0
77437,4821,4821,805,400,296,625,840,1078,777,0
77440,0,0,0,0,0,0,0,0,0,0
77441,3675,3673,449,559,97,573,584,657,754,2
77442,265,265,25,40,33,105,44,5,13,0
77443,129,129,0,0,0,0,87,42,0,0
77444,128,128,8,18,17,13,26,31,15,0
77445,4212,4212,557,728,284,792,721,597,533,0
77446,368,327,38,36,25,34,54,72,68,41
77447,4868,4833,668,599,229,887,886,1026,538,35
77448,31,31,0,0,0,0,13,18,0,0
77449,39625,39625,5601,4591,2045,6703,7112,7944,5629,0
77450,19994,19994,2503,1819,835,3449,3566,4101,3721,0
77451,14,14,0,0,2,2,2,2,6,0
77453,222,222,43,106,0,37,36,0,0,0
77454,0,0,0,0,0,0,0,0,0,0
77455,525,525,65,51,32,44,128,55,150,0
77456,330,330,24,100,32,32,100,29,13,0
77457,116,116,27,28,0,29,10,7,15,0
77458,0,0,0,0,0,0,0,0,0,0
77459,19391,19391,2905,1844,807,3024,3752,3528,3531,0
77460,23,23,0,0,0,10,13,0,0,0
77461,2973,2973,247,452,218,414,513,467,662,0
77464,12,12,0,0,2,2,0,0,8,0
77465,1993,1993,244,257,80,146,470,472,324,0
77466,60,60,9,8,8,0,17,4,14,0
77467,0,0,0,0,0,0,0,0,0,0
77468,0,0,0,0,0,0,0,0,0,0
77469,13422,13356,1602,1492,423,2019,2843,2566,2411,66
77470,56,56,17,8,0,0,9,0,22,0
77471,12377,12376,2246,1399,828,2246,2224,1766,1667,1
77473,22,22,9,0,0,13,0,0,0,0
77474,3392,3392,545,401,228,640,522,524,532,0
77475,113,113,0,0,0,13,23,64,13,0
77476,68,68,0,6,0,15,9,24,14,0
77477,7869,7869,1069,771,389,1514,1268,1351,1507,0
77478,4153,4138,477,382,128,522,781,664,1184,15
77479,25139,25139,2771,2506,1211,4396,4991,4774,4490,0
77480,2103,2103,305,187,141,373,336,388,373,0
77481,0,0,0,0,0,0,0,0,0,0
77482,256,256,17,29,0,18,43,51,98,0
77483,106,106,28,0,0,36,32,0,10,0
77484,2758,2758,403,354,196,369,530,451,455,0
77485,1252,1234,241,179,45,217,239,131,182,18
77486,1909,1909,398,207,91,303,399,245,266,0
77488,3253,3253,550,367,180,402,491,734,529,0
77489,9439,9439,1323,1081,311,1640,1778,1518,1788,0
77493,10278,10212,2246,827,512,1747,1691,1401,1788,66
77494,39797,39755,4291,4638,1612,7202,7338,7507,7167,42
77498,13232,13230,1990,1338,587,2378,1985,1935,3017,2
77502,12092,12092,1902,1470,808,1642,2373,1940,1957,0
77503,7967,7967,1387,879,327,1665,1459,1159,1091,0
77504,7056,7056,1132,685,326,1286,1405,1225,997,0
77505,6303,6303,1000,548,159,957,1526,1016,1097,0
77506,12949,12949,2368,1446,765,2074,2389,2139,1768,0
77507,14,14,0,0,0,14,0,0,0,0
77510,3345,3345,563,228,61,800,424,526,743,0
77511,12588,12586,2197,1590,670,1889,2113,1671,2456,2
77514,1157,1157,111,132,49,256,270,144,195,0
77515,7132,7065,1020,406,446,1476,1111,1403,1203,67
77517,1278,1278,87,105,11,138,137,397,403,0
77518,3058,3058,538,409,313,416,565,552,265,0
77519,168,168,0,0,2,36,74,0,56,0
77520,9772,9772,1624,1466,558,1461,1844,1471,1348,0
77521,17270,17270,3138,1949,1092,2992,2902,2589,2608,0
77523,7459,7459,1200,536,441,1465,1300,1163,1354,0
77530,10663,10663,1738,865,512,1573,1884,2153,1938,0
77531,4455,4455,523,615,204,767,855,781,710,0
77532,7137,7137,1451,809,294,999,841,1213,1530,0
77533,226,226,26,7,11,27,41,42,72,0
77534,561,561,18,41,37,46,127,140,152,0
77535,7543,7543,1092,661,344,1199,1229,1721,1297,0
77536,7738,7738,953,885,465,1199,1092,1536,1608,0
77538,221,221,14,28,0,31,51,45,52,0
77539,11007,10982,1390,1387,914,1729,2107,1672,1783,25
77541,5829,5821,665,567,350,1121,903,1140,1075,8
77545,7501,7501,1522,1122,384,1040,1378,828,1227,0
77546,14863,14863,1807,1710,551,2728,2914,2738,2415,0
77547,3192,3192,368,305,196,487,731,641,464,0
77550,3485,3485,652,395,237,643,521,637,400,0
77551,4504,4485,878,354,167,619,873,697,897,19
77554,836,836,132,47,42,151,183,117,164,0
77560,14,14,14,0,0,0,0,0,0,0
77561,27,27,10,0,0,17,0,0,0,0
77562,2709,2709,408,391,204,357,379,364,606,0
77563,2732,2732,378,466,187,406,501,425,369,0
77564,575,575,105,118,55,89,89,68,51,0
77565,1876,1876,175,295,90,135,283,342,556,0
77566,7467,7467,1023,759,455,1160,1336,1513,1221,0
77568,3591,3588,369,338,215,765,586,704,611,3
77571,8356,8301,1559,881,503,1536,1320,1108,1394,55
77573,25110,25092,4504,2739,937,4176,3951,4194,4591,18
77575,4226,4205,1057,515,290,545,421,751,626,21
77577,412,368,79,14,6,87,100,34,48,44
77578,6856,6801,795,570,116,855,1393,1757,1315,55
77580,485,485,165,64,0,152,39,32,33,0
77581,13169,13169,1692,1847,829,2185,2113,2213,2290,0
77583,10803,10798,2348,981,515,2156,1339,1491,1968,5
77584,24856,24848,4329,2978,1444,4858,3990,3923,3326,8
77585,279,279,0,12,0,35,18,55,159,0
77586,5061,4940,640,530,167,681,915,1130,877,121
77587,5541,5541,1120,674,165,871,902,852,957,0
77590,8095,8095,1217,841,476,1376,1817,1134,1234,0
77591,3603,3603,715,305,252,665,590,668,408,0
77597,401,401,56,0,20,76,75,93,81,0
77598,5614,5614,1511,587,235,845,988,714,734,0
77611,2227,2227,369,234,215,384,200,433,392,0
77612,2173,2173,209,308,15,509,319,381,432,0
77613,212,211,6,13,5,63,69,38,17,1
77614,35,35,0,0,0,0,0,0,35,0
77615,312,312,27,0,45,62,49,73,56,0
77616,56,56,34,0,0,0,0,0,22,0
77617,0,0,0,0,0,0,0,0,0,0
77619,3916,3916,448,596,362,496,871,402,741,0
77622,371,371,51,30,16,73,90,72,39,0
77623,100,100,20,0,0,12,44,24,0,0
77624,89,89,0,0,0,2,29,33,25,0
77625,2223,2217,363,388,302,138,306,213,507,6
77627,5318,5317,730,849,248,712,821,693,1264,1
77629,141,141,6,18,0,21,39,36,21,0
77630,7318,7299,1264,602,355,1385,1193,1176,1324,19
77632,5403,5392,1197,456,422,736,764,942,875,11
77640,3705,3680,511,364,301,814,599,577,514,25
77642,11230,11211,1507,1434,429,2049,2131,2071,1590,19
77650,286,286,141,0,33,64,15,33,0,0
77651,3050,3050,260,301,112,519,631,596,631,0
77655,0,0,0,0,0,0,0,0,0,0
77656,3830,3830,482,471,224,689,692,693,579,0
77657,5433,5433,999,594,141,1151,919,945,684,0
77659,1788,1788,193,72,101,467,389,249,317,0
77660,257,257,60,27,11,55,41,23,40,0
77661,234,234,96,0,10,0,58,28,42,0
77662,6296,6287,901,878,169,999,1085,1209,1046,9
77663,217,217,15,90,0,112,0,0,0,0
77664,681,681,171,11,19,22,117,162,179,0
77665,1324,1323,261,149,99,168,213,227,206,1
77701,3685,3665,582,450,173,640,721,605,494,20
77702,923,923,180,158,0,307,105,61,112,0
77703,4339,4308,831,411,457,882,629,503,595,31
77705,6121,5881,1170,661,252,928,840,1030,1000,240
77706,6903,6862,1276,1039,560,1010,1022,912,1043,41
77707,4682,4675,819,552,352,808,827,547,770,7
77708,3267,3265,654,607,224,604,459,466,251,2
77713,2686,2683,622,287,131,500,372,467,304,3
77801,3390,3390,653,348,188,482,719,471,529,0
77802,5232,5232,918,617,271,636,888,924,978,0
77803,9998,9952,1863,1096,471,1465,2170,1485,1402,46
77807,2968,2968,580,320,231,502,379,607,349,0
77808,2701,2652,590,330,180,350,334,368,500,49
77830,823,823,79,75,24,183,274,71,117,0
77831,713,713,60,140,0,53,176,171,113,0
77833,6328,6186,921,932,290,925,1206,930,982,142
77835,397,397,55,54,0,72,66,99,51,0
77836,2800,2800,422,299,169,527,316,511,556,0
77837,408,408,81,9,10,37,67,69,135,0
77840,5453,5382,1409,934,233,837,626,451,892,71
77845,16139,16130,2266,1804,906,2711,2990,3075,2378,9
77853,117,117,10,6,13,17,15,20,36,0
77855,138,138,25,0,0,68,45,0,0,0
77856,1258,1258,117,75,68,175,336,237,250,0
77857,168,168,2,26,19,25,28,27,41,0
77859,1741,1741,310,340,22,363,292,213,201,0
77861,410,410,10,14,9,62,87,122,106,0
77864,2206,2206,340,275,85,259,406,356,485,0
77865,524,524,160,56,0,45,13,72,178,0
77867,18,18,6,0,2,0,3,7,0,0
77868,4005,4005,605,427,210,795,680,667,621,0
77871,345,345,24,75,43,35,67,58,43,0
77872,439,439,79,41,24,73,68,64,90,0
77873,239,239,33,5,0,39,66,39,57,0
77876,29,29,0,0,0,12,0,0,17,0
77878,37,37,0,9,14,14,0,0,0,0
77879,1184,1184,278,71,32,165,184,259,195,0
77880,555,555,102,55,42,82,123,151,0,0
77901,11164,11128,1900,1260,403,2148,1981,1904,1532,36
77904,7143,7106,1183,934,429,965,1206,1110,1279,37
77905,3593,3529,485,406,62,624,607,578,767,64
77950,18,18,0,3,6,9,0,0,0,0
77951,346,346,0,14,28,119,119,9,57,0
77954,2374,2374,306,504,136,337,372,274,445,0
77957,2189,2189,358,260,97,284,416,480,294,0
77960,0,0,0,0,0,0,0,0,0,0
77961,0,0,0,0,0,0,0,0,0,0
77962,966,966,95,180,36,139,148,234,134,0
77963,1486,1477,148,131,105,256,270,318,249,9
77964,2087,2087,201,348,135,469,346,284,304,0
77968,864,864,137,83,38,251,150,141,64,0
77969,31,31,0,0,0,0,0,16,15,0
77970,73,73,3,19,4,7,17,12,11,0
77971,248,248,16,0,15,54,58,58,47,0
77973,0,0,0,0,0,0,0,0,0,0
77974,61,61,7,5,3,0,2,2,42,0
77975,347,347,46,32,27,77,51,64,50,0
77976,7,7,0,0,0,0,0,0,7,0
77977,99,99,25,5,8,16,23,0,22,0
77978,157,157,48,15,10,34,15,24,11,0
77979,4488,4487,719,401,279,627,741,940,780,1
77982,177,176,50,24,0,14,24,16,48,1
77983,533,533,159,30,50,105,92,35,62,0
77984,908,908,131,56,52,171,110,204,184,0
77987,50,50,8,11,4,6,10,0,11,0
77988,228,228,34,0,34,54,0,32,74,0
77990,160,160,40,37,0,18,8,38,19,0
77991,247,247,35,44,14,32,14,36,72,0
77993,17,17,0,0,0,0,0,0,17,0
77994,70,70,9,2,0,18,17,7,17,0
77995,2788,2765,419,237,154,591,542,451,371,23
78001,0,0,0,0,0,0,0,0,0,0
78002,2004,2004,335,182,43,398,388,226,432,0
78003,1529,1529,221,187,52,230,291,243,305,0
78004,155,155,43,0,0,21,58,33,0,0
78005,89,89,0,0,0,89,0,0,0,0
78006,8457,8439,1272,765,457,1098,1542,1876,1429,18
78007,59,59,0,26,0,4,0,22,7,0
78008,32,32,0,0,0,0,32,0,0,0
78009,2074,2074,435,121,109,276,354,345,434,0
78010,749,730,210,92,16,133,48,131,100,19
78011,440,440,62,42,31,78,75,89,63,0
78012,62,62,7,12,0,12,11,17,3,0
78013,1376,1376,151,128,28,184,275,252,358,0
78014,1243,1243,186,40,0,325,134,273,285,0
78015,4260,4260,366,285,279,847,918,636,929,0
78016,2930,2930,360,476,189,470,543,367,525,0
78017,1725,1120,237,252,50,149,80,178,174,605
78019,205,205,7,19,0,50,35,65,29,0
78021,71,71,36,35,0,0,0,0,0,0
78022,873,873,140,92,58,175,120,138,150,0
78023,8281,8281,980,750,458,1258,1460,1734,1641,0
78024,146,146,68,17,12,5,0,18,26,0
78025,1033,922,165,96,20,202,130,118,191,111
78026,1890,1887,365,109,147,214,214,428,410,3
78027,78,78,0,0,0,0,13,35,30,0
78028,7596,7576,1182,747,362,1139,1152,1581,1413,20
78029,0,0,0,0,0,0,0,0,0,0
78039,270,270,24,36,21,43,36,61,49,0
78040,13934,13932,2854,1752,668,2151,2122,2202,2183,2
78041,13343,13299,2369,1643,819,2149,2141,1967,2211,44
78043,14737,14737,2446,2346,711,2472,2338,1970,2454,0
78044,129,129,27,15,11,23,0,23,30,0
78045,21172,21172,3572,1721,1131,3307,3595,4176,3670,0
78046,27281,27266,4514,2738,1226,4314,5085,5067,4322,15
78050,181,181,50,19,12,21,36,43,0,0
78052,1500,1500,135,140,48,185,282,464,246,0
78055,420,420,49,17,6,92,56,109,91,0
78056,431,431,68,46,58,98,86,75,0,0
78057,0,0,0,0,0,0,0,0,0,0
78058,126,97,31,0,0,13,26,14,13,29
78059,1106,1106,156,91,20,137,125,270,307,0
78060,0,0,0,0,0,0,0,0,0,0
78061,3005,3005,456,281,218,642,411,413,584,0
78063,1724,1724,274,189,0,337,347,280,297,0
78064,4745,4745,1051,478,280,813,873,601,649,0
78065,2865,2865,327,242,149,583,575,466,523,0
78066,209,209,28,115,20,21,25,0,0,0
78067,193,193,16,10,0,45,61,0,61,0
78069,1831,1831,413,166,93,133,277,349,400,0
78070,2594,2594,370,150,134,220,463,640,617,0
78071,862,862,71,169,22,133,253,108,106,0
78072,165,165,15,23,11,26,52,29,9,0
78073,2463,2463,436,208,102,209,418,512,578,0
78075,45,45,0,0,0,0,13,0,32,0
78076,4333,4333,695,568,182,907,768,546,667,0
78101,1245,1245,113,92,136,179,134,354,237,0
78102,5909,5903,1043,722,265,1005,1002,1040,826,6
78104,20,20,0,4,0,7,0,0,9,0
78107,0,0,0,0,0,0,0,0,0,0
78108,11538,11538,1351,1309,918,1969,1781,1930,2280,0
78109,12284,12265,1860,1444,633,2236,2114,2007,1971,19
78112,2408,2408,532,195,133,383,418,453,294,0
78113,989,989,155,190,42,194,166,113,129,0
78114,5904,5904,807,417,257,1126,913,1216,1168,0
78116,54,54,0,0,0,0,36,8,10,0
78117,12,12,7,0,0,0,0,0,5,0
78118,972,764,106,42,50,158,150,113,145,208
78119,1227,1227,199,170,33,251,97,293,184,0
78121,3430,3430,609,428,85,593,487,568,660,0
78122,35,35,0,10,0,25,0,0,0,0
78123,410,409,66,39,0,76,68,117,43,1
78124,1352,1340,104,133,33,234,315,262,259,12
78125,3,3,0,0,0,0,3,0,0,0
78130,19051,19041,3068,2697,1019,2933,3135,3258,2931,10
78132,7723,7709,1175,782,271,1267,1264,1435,1515,14
78133,3462,3452,582,378,100,386,523,741,742,10
78140,1068,1068,172,87,72,164,139,211,223,0
78141,86,86,14,3,0,8,24,19,18,0
78142,37,37,3,0,0,12,2,0,20,0
78143,42,42,17,0,0,0,1,14,10,0
78144,0,0,0,0,0,0,0,0,0,0
78145,33,33,10,0,0,8,12,0,3,0
78146,175,118,14,9,0,17,14,22,42,57
78147,532,532,121,74,27,85,70,99,56,0
78148,5961,5961,1080,596,201,1280,1118,903,783,0
78150,0,0,0,0,0,0,0,0,0,0
78151,467,467,139,34,11,55,105,41,82,0
78152,581,581,118,65,19,66,109,80,124,0
78154,10766,10758,1684,1079,506,1751,1766,2119,1853,8
78155,11485,11463,1771,1287,711,2359,1883,1678,1774,22
78159,343,343,129,15,0,35,65,49,50,0
78160,1348,1348,218,124,55,218,189,245,299,0
78161,72,72,0,0,0,0,34,38,0,0
78162,74,74,0,39,0,0,0,14,21,0
78163,3319,3285,213,119,151,316,958,847,681,34
78164,754,754,77,127,76,119,148,85,122,0
78201,10885,10885,1851,968,443,1988,1809,1714,2112,0
78202,2932,2907,447,206,154,743,457,399,501,25
78203,1736,1736,171,135,144,304,303,480,199,0
78204,2351,2331,420,339,107,370,393,307,395,20
78205,92,92,12,0,0,0,67,13,0,0
78207,15484,15459,2927,1791,906,2645,2714,2453,2023,25
78208,1506,1506,265,190,95,236,267,227,226,0
78209,9443,9439,1553,1050,376,1362,1553,1868,1677,4
78210,9349,9155,1524,1167,656,1485,1559,1369,1395,194
78211,8346,8346,1166,809,437,1462,1498,1441,1533,0
78212,4251,4227,642,431,222,694,736,766,736,24
78213,10177,10176,1759,1480,620,1550,1487,1656,1624,1
78214,8213,8154,1471,665,415,1428,1084,1276,1815,59
78215,140,133,124,0,9,0,0,0,0,7
78216,9669,9668,1782,1303,494,1901,1392,1114,1682,1
78217,7941,7941,1595,1076,424,1141,993,1244,1468,0
78218,9307,9305,1610,1441,558,1322,1466,1496,1412,2
78219,4998,4998,996,457,250,804,856,858,777,0
78220,4723,4716,495,597,156,761,824,943,940,7
78221,11129,11128,1781,1257,621,2061,1713,1786,1909,1
78222,7509,7509,1106,909,313,962,1365,1589,1265,0
78223,15260,15113,2650,1505,750,2975,2521,2340,2372,147
78224,6742,6709,1055,711,240,1065,1421,1203,1014,33
78225,4192,4192,649,415,249,483,736,1144,516,0
78226,2172,2172,471,337,46,187,359,353,419,0
78227,14756,14756,2771,1447,931,2623,2640,2237,2107,0
78228,15001,14995,2310,1413,631,2480,2844,2499,2818,6
78229,6776,6731,1384,1099,342,983,1105,846,972,45
78230,9479,9479,1712,1268,489,1370,1405,1446,1789,0
78231,2003,2003,188,104,46,509,327,380,449,0
78232,7609,7502,1468,888,268,1082,1083,1494,1219,107
78233,13102,13102,2497,1564,641,2349,1990,2260,1801,0
78234,1818,1818,368,247,60,428,309,188,218,0
78235,298,298,58,24,41,49,81,30,15,0
78236,979,979,161,106,78,188,141,154,151,0
78237,10656,10654,1437,1004,847,1506,2166,1843,1851,2
78238,6833,6833,1115,770,541,967,1089,1288,1063,0
78239,6769,6769,1131,739,591,1300,881,1039,1088,0
78240,13859,13831,2823,1965,1111,2103,2400,1797,1632,28
78242,11226,11209,1748,1198,669,1658,1856,2163,1917,17
78243,0,0,0,0,0,0,0,0,0,0
78244,8649,8649,1426,840,586,1387,1493,1321,1596,0
78245,23730,23729,4145,2711,1442,4045,3874,3879,3633,1
78247,13144,13132,2190,1712,809,2500,1936,1918,2067,12
78248,3369,3369,441,313,128,612,516,591,768,0
78249,11210,11147,2196,1243,585,1520,1768,1998,1837,63
78250,15659,15659,2314,1688,884,2605,2884,2734,2550,0
78251,16310,16310,2630,1781,946,2276,2812,3065,2800,0
78252,3507,3507,468,346,346,519,793,691,344,0
78253,13777,13776,2440,1804,642,2211,2519,2334,1826,1
78254,18150,18150,2757,1943,988,3065,3521,3263,2613,0
78255,4584,4584,570,566,310,1031,866,577,664,0
78256,2165,2165,285,208,192,464,201,314,501,0
78257,1388,1382,417,105,86,113,219,231,211,6
78258,12051,12051,1624,1080,554,2035,2125,2056,2577,0
78259,6918,6884,720,510,366,969,1372,1464,1483,34
78260,7950,7950,957,745,413,1326,1519,1547,1443,0
78261,4933,4933,844,676,256,680,984,601,892,0
78263,699,699,46,35,60,17,135,175,231,0
78264,3270,3270,427,322,188,275,468,832,758,0
78266,1708,1708,302,131,142,353,96,276,408,0
78330,281,281,82,53,0,30,16,59,41,0
78332,7720,7720,1227,757,390,1316,1333,1417,1280,0
78335,0,0,0,0,0,0,0,0,0,0
78336,2853,2848,594,328,135,385,419,580,407,5
78338,0,0,0,0,0,0,0,0,0,0
78339,35,35,0,0,0,24,0,0,11,0
78340,52,52,2,9,0,17,12,11,1,0
78341,497,497,51,91,5,52,129,92,77,0
78342,108,108,44,0,6,0,13,26,19,0
78343,1144,1144,187,125,67,161,208,168,228,0
78344,107,107,36,8,0,11,0,15,37,0
78349,96,96,0,18,0,46,20,0,12,0
78351,139,139,22,7,0,10,32,36,32,0
78352,210,210,27,0,0,47,73,46,17,0
78353,23,23,0,0,0,0,12,11,0,0
78355,1941,1941,434,174,104,346,271,290,322,0
78357,843,842,122,163,0,102,61,245,149,1
78358,60,60,0,0,0,0,0,37,23,0
78359,499,499,63,65,16,83,55,73,144,0
78361,1673,1673,263,257,43,299,132,383,296,0
78362,2848,2848,472,94,169,408,454,664,587,0
78363,7257,7233,1236,835,495,1057,1373,1081,1156,24
78368,2271,2271,360,238,98,371,455,302,447,0
78369,165,165,16,14,0,30,53,38,14,0
78370,1364,1364,199,189,118,170,251,175,262,0
78371,24,24,9,0,0,0,0,0,15,0
78372,2561,2561,360,297,249,300,416,429,510,0
78373,543,543,140,23,0,67,148,42,123,0
78374,5016,5009,606,678,221,839,987,709,969,7
78375,417,417,84,0,19,93,51,123,47,0
78376,127,127,33,25,5,5,19,20,20,0
78377,985,985,191,51,21,117,109,260,236,0
78379,259,259,44,8,6,23,33,34,111,0
78380,6930,6930,781,889,440,1293,1172,1279,1076,0
78382,3799,3799,642,311,47,924,753,429,693,0
78383,834,834,254,124,21,119,155,41,120,0
78384,1508,1508,41,322,72,289,349,291,144,0
78385,161,161,71,22,0,15,16,33,4,0
78387,2823,2817,488,366,245,321,579,494,324,6
78389,443,443,16,14,11,34,58,116,194,0
78390,1253,1253,174,164,38,185,227,284,181,0
78391,63,63,5,0,14,16,6,14,8,0
78393,441,441,37,55,72,31,154,48,44,0
78401,593,520,128,72,31,59,41,112,77,73
78402,14,14,0,0,0,0,0,0,14,0
78404,3672,3672,459,348,192,592,724,511,846,0
78405,3585,3572,470,420,180,652,716,507,627,13
78406,506,503,139,39,0,19,47,49,210,3
78407,683,683,123,41,19,98,125,155,122,0
78408,3488,3488,776,423,126,543,469,467,684,0
78409,705,705,137,59,39,87,123,179,81,0
78410,8088,8086,987,685,585,1531,1738,1210,1350,2
78411,5399,5399,912,573,247,950,771,884,1062,0
78412,9446,9364,1594,1612,478,1591,1493,1208,1388,82
78413,9722,9722,1871,1467,401,1465,1639,1379,1500,0
78414,10923,10923,1718,1395,630,1956,1904,1848,1472,0
78415,10802,10761,1663,1031,742,1603,2025,1764,1933,41
78416,4504,4504,615,498,186,716,841,829,819,0
78417,961,961,178,159,52,255,113,67,137,0
78418,7125,7125,877,529,205,1283,1193,1572,1466,0
78419,220,220,69,35,14,52,7,24,19,0
78501,15999,15985,2428,2017,686,3010,2457,2560,2827,14
78503,6702,6702,1316,639,275,1191,1041,1190,1050,0
78504,17245,17245,3080,1774,1023,2626,2676,3290,2776,0
78516,12961,12961,1756,1887,530,2116,2184,2194,2294,0
78520,18512,18422,2996,1932,880,3110,3009,3049,3446,90
78521,29137,29060,4951,3237,1386,4514,4486,5047,5439,77
78526,15305,15305,2582,1750,760,2520,2898,2354,2441,0
78535,115,115,0,19,0,15,24,24,33,0
78536,53,53,0,0,0,17,6,10,20,0
78537,17621,17621,2938,1910,841,2631,3309,2753,3239,0
78538,3447,3447,599,349,245,555,541,526,632,0
78539,10863,10863,1617,1292,672,1614,2381,1565,1722,0
78541,14410,14410,2334,1808,583,2486,2330,2558,2311,0
78542,27258,27210,4565,3150,1562,4449,4589,4829,4066,48
78543,2468,2468,220,234,147,476,509,579,303,0
78545,166,166,0,23,46,0,77,7,13,0
78548,205,205,33,17,22,36,21,32,44,0
78549,446,446,52,52,11,109,104,66,52,0
78550,17177,16522,2831,2326,1071,2661,2527,2934,2172,655
78552,10974,10974,1721,1179,631,1748,1949,1928,1818,0
78557,4395,4393,427,412,371,709,784,926,764,2
78558,280,280,30,60,32,31,94,33,0,0
78559,4126,4126,383,358,300,636,908,774,767,0
78560,1707,1707,219,202,43,338,298,361,246,0
78561,155,155,6,8,16,12,29,18,66,0
78562,1097,1097,191,145,68,138,175,172,208,0
78563,0,0,0,0,0,0,0,0,0,0
78564,124,124,0,16,34,74,0,0,0,0
78565,0,0,0,0,0,0,0,0,0,0
78566,5779,5616,922,721,418,797,909,895,954,163
78567,97,97,4,7,7,25,27,21,6,0
78569,902,902,113,54,29,144,197,181,184,0
78570,11813,11813,1711,1211,536,2140,1997,2231,1987,0
78572,24752,24751,3571,2898,1006,4253,4157,4552,4314,1
78573,13698,13698,1659,1906,713,2569,2142,2690,2019,0
78574,22625,22609,3119,2920,1049,3589,3804,4081,4047,16
78575,3915,3915,393,456,293,692,660,679,742,0
78576,4694,4694,579,725,212,901,871,731,675,0
78577,26939,26939,4664,3788,1271,4296,4209,4481,4230,0
78578,2671,2671,452,491,226,374,354,451,323,0
78579,1453,1453,230,267,58,201,185,191,321,0
78580,3613,3613,681,425,170,627,606,643,461,0
78582,14817,14812,2362,2023,1058,2457,2338,2157,2417,5
78583,1747,1747,212,5,218,319,367,311,315,0
78584,5838,5838,1289,585,276,992,805,1026,865,0
78585,103,103,0,16,5,11,16,22,33,0
78586,18184,18146,2567,1834,1050,3168,3133,3315,3079,38
78588,33,33,0,0,0,11,3,6,13,0
78589,13407,13407,2028,1826,895,1959,2145,2311,2243,0
78590,97,97,16,10,4,15,14,7,31,0
78591,85,85,0,20,0,21,15,16,13,0
78592,141,141,0,12,10,21,26,27,45,0
78593,1638,1638,271,174,79,144,290,391,289,0
78594,434,434,28,54,30,54,94,77,97,0
78595,2342,2342,547,196,73,300,387,289,550,0
78596,23116,23074,4175,2876,1065,4018,3709,3648,3583,42
78597,216,216,0,0,0,19,0,90,107,0
78598,0,0,0,0,0,0,0,0,0,0
78602,7003,6998,1034,691,450,1151,1033,1458,1181,5
78605,1390,1390,169,171,54,167,266,343,220,0
78606,1185,1185,133,129,16,256,166,281,204,0
78607,0,0,0,0,0,0,0,0,0,0
78608,50,50,0,0,0,0,0,28,22,0
78609,276,276,83,35,4,35,50,21,48,0
78610,10920,10911,1761,1085,988,1528,1995,2112,1442,9
78611,2707,2699,357,321,57,632,352,580,400,8
78612,4824,4824,586,364,212,757,1027,932,946,0
78613,23075,23075,2805,1918,935,3983,4789,4427,4218,0
78614,110,110,3,19,0,29,15,33,11,0
78615,278,278,48,20,17,54,59,73,7,0
78616,2873,2873,517,271,107,589,425,492,472,0
78617,8645,8644,1149,1165,201,1181,1355,1537,2056,1
78618,44,44,7,18,0,4,7,5,3,0
78619,1178,1162,137,126,50,159,73,394,223,16
78620,4412,4404,485,435,303,759,753,640,1029,8
78621,6286,6284,794,761,356,788,1411,990,1184,2
78622,42,42,0,0,0,10,18,10,4,0
78623,132,132,12,14,0,15,29,62,0,0
78624,4554,4554,406,754,112,682,842,890,868,0
78626,8574,8548,1193,1168,476,1486,1442,1606,1177,26
78628,8092,8092,1021,1253,400,1165,1192,1482,1579,0
78629,3447,3447,650,300,220,542,698,480,557,0
78631,825,825,113,40,6,225,134,206,101,0
78632,145,145,44,13,25,21,26,16,0,0
78633,2896,2896,332,235,118,343,661,613,594,0
78634,10068,10068,1951,1124,502,2044,1683,1373,1391,0
78635,141,141,38,0,0,82,0,0,21,0
78636,538,538,69,72,21,68,144,63,101,0
78638,485,485,50,89,40,53,51,107,95,0
78639,1406,1406,237,107,67,197,154,427,217,0
78640,16969,16969,2756,2129,925,2966,3076,2591,2526,0
78641,21348,21348,3611,2413,1109,3516,3667,3823,3209,0
78642,3228,3105,411,392,257,574,404,545,522,123
78643,1119,1119,218,78,45,182,291,127,178,0
78644,4075,3940,505,263,193,691,702,819,767,135
78645,2385,2385,471,82,132,191,633,444,432,0
78648,1737,1737,566,136,255,203,121,176,280,0
78650,360,360,85,24,20,78,57,73,23,0
78652,776,776,128,90,24,130,212,81,111,0
78653,8094,8094,1047,1019,490,1630,1221,1654,1033,0
78654,4034,4034,564,426,142,735,581,680,906,0
78655,616,616,139,54,62,95,88,120,58,0
78656,611,611,168,55,25,133,113,29,88,0
78657,814,814,61,95,57,73,134,136,258,0
78659,506,506,51,61,7,47,137,106,97,0
78660,24708,24706,3849,2463,1026,3806,4495,4524,4543,2
78661,91,91,0,11,0,0,42,25,13,0
78662,349,349,63,69,15,26,40,81,55,0
78663,134,134,4,2,0,91,0,8,29,0
78664,16817,16662,2370,2027,797,2585,2851,2430,3602,155
78665,14294,14293,2104,1580,767,2550,2530,2762,2000,1
78666,13376,12801,1877,1714,573,2001,2377,1935,2324,575
78669,3034,3034,502,315,125,389,633,635,435,0
78670,15,15,0,4,0,0,6,0,5,0
78671,92,92,8,13,7,10,36,7,11,0
78672,155,155,8,0,45,58,8,23,13,0
78675,24,24,0,0,0,0,16,5,3,0
78676,2326,2326,170,208,23,334,360,647,584,0
78677,6,6,0,0,0,0,0,6,0,0
78681,17182,17182,1548,1511,824,3072,3094,3689,3444,0
78701,191,161,59,22,0,9,17,36,18,30
78702,3864,3860,941,527,328,730,588,294,452,4
78703,3885,3869,792,469,241,634,717,638,378,16
78704,6238,6178,1652,779,354,1029,861,791,712,60
78705,816,674,192,29,34,99,153,93,74,142
78712,9,0,0,0,0,0,0,0,0,9
78717,9258,9258,1224,1044,333,1554,1923,1653,1527,0
78719,343,343,9,7,20,59,58,92,98,0
78721,2228,2190,380,160,64,243,336,620,387,38
78722,974,974,213,202,43,173,214,83,46,0
78723,8045,8035,1651,1144,492,1538,1180,1134,896,10
78724,8776,8776,1284,1210,553,1459,1497,1317,1456,0
78725,2364,2364,405,231,90,338,514,352,434,0
78726,3046,3046,438,233,94,599,560,675,447,0
78727,5502,5502,1460,802,260,865,772,536,807,0
78728,4540,4539,1183,549,157,681,1040,384,545,1
78729,5185,5185,1279,634,240,965,800,549,718,0
78730,2265,2265,186,162,260,304,372,490,491,0
78731,5401,5398,899,671,233,993,873,961,768,3
78732,5983,5983,511,491,149,788,855,1633,1556,0
78733,2812,2812,139,398,74,530,633,414,624,0
78734,4500,4500,521,246,164,869,826,907,967,0
78735,4428,4428,668,539,403,808,739,637,634,0
78736,2119,2119,288,321,138,482,540,144,206,0
78737,5371,5358,796,527,330,873,985,1063,784,13
78738,4314,4314,378,270,140,730,879,971,946,0
78739,6769,6769,879,663,625,1251,1350,955,1046,0
78741,8862,8857,2035,1043,383,1421,1462,1425,1088,5
78742,248,248,46,31,21,32,41,36,41,0
78744,14433,14433,2352,1797,737,2384,2325,2769,2069,0
78745,9888,9860,2335,1192,867,1476,1510,1496,984,28
78746,7169,7150,678,475,276,1214,1426,1585,1496,19
78747,5033,5033,771,397,236,926,972,792,939,0
78748,11391,11391,2528,1585,433,2138,1653,1330,1724,0
78749,8177,8177,1127,1000,596,1696,1263,1306,1189,0
78750,7497,7497,1007,695,388,1211,1592,1238,1366,0
78751,1510,1499,455,171,52,168,213,243,197,11
78752,4295,4285,713,616,291,654,659,591,761,10
78753,15091,15091,2736,2104,940,2713,2259,2107,2232,0
78754,7445,7445,1845,969,481,1615,887,849,799,0
78756,1201,1143,207,118,80,204,190,226,118,58
78757,5562,5561,1086,836,451,877,868,721,722,1
78758,10374,10346,2645,1372,481,1785,1692,1311,1060,28
78759,7668,7666,1442,926,442,1091,1218,1381,1166,2
78801,6103,6103,1070,618,209,929,827,1388,1062,0
78802,0,0,0,0,0,0,0,0,0,0
78827,301,299,38,27,0,130,28,31,45,2
78828,0,0,0,0,0,0,0,0,0,0
78829,444,444,75,63,65,103,58,57,23,0
78830,196,196,10,36,9,42,16,37,46,0
78832,470,470,62,38,13,79,48,100,130,0
78833,180,180,96,6,0,21,30,22,5,0
78834,2563,2563,363,277,146,240,799,382,356,0
78836,9,9,0,0,0,0,9,0,0,0
78837,49,49,16,0,0,0,8,11,14,0
78838,0,0,0,0,0,0,0,0,0,0
78839,2621,2621,366,319,119,537,188,611,481,0
78840,13895,13895,2378,1738,600,1815,2653,2402,2309,0
78843,0,0,0,0,0,0,0,0,0,0
78850,273,273,10,23,3,51,78,40,68,0
78851,0,0,0,0,0,0,0,0,0,0
78852,18034,18034,3099,2214,690,3038,3149,2723,3121,0
78860,0,0,0,0,0,0,0,0,0,0
78861,3063,3063,367,377,194,586,447,611,481,0
78870,338,338,82,73,8,27,17,33,98,0
78871,0,0,0,0,0,0,0,0,0,0
78872,491,491,49,18,5,188,52,122,57,0
78873,707,693,52,60,39,179,6,215,142,14
78877,191,191,122,16,13,13,0,11,16,0
78879,0,0,0,0,0,0,0,0,0,0
78880,284,284,0,82,24,97,42,13,26,0
78881,642,642,57,59,32,161,31,232,70,0
78883,39,39,0,13,0,8,0,0,18,0
78884,278,278,17,0,33,52,46,64,66,0
78885,7,7,0,0,0,0,0,0,7,0
78886,54,54,12,6,5,5,5,15,6,0
78931,112,112,0,0,0,40,43,0,29,0
78932,49,49,1,3,1,9,18,5,12,0
78933,313,313,117,0,0,82,59,44,11,0
78934,1716,1716,500,118,51,294,370,245,138,0
78935,209,209,33,59,5,32,11,0,69,0
78938,66,66,25,2,13,13,4,0,9,0
78940,424,424,35,54,10,84,53,104,84,0
78941,467,455,42,54,18,102,46,54,139,12
78942,2237,2054,230,368,66,332,425,336,297,183
78943,37,37,18,19,0,0,0,0,0,0
78944,48,48,0,0,0,6,5,9,28,0
78945,2395,2395,273,372,102,406,488,390,364,0
78946,105,105,0,5,6,36,35,0,23,0
78947,1050,1050,227,114,42,177,154,160,176,0
78948,57,57,0,0,0,14,0,18,25,0
78949,180,180,71,5,34,34,12,10,14,0
78950,285,268,40,8,10,40,76,46,48,17
78951,0,0,0,0,0,0,0,0,0,0
78953,56,56,28,28,0,0,0,0,0,0
78954,122,122,6,12,7,3,15,35,44,0
78956,1193,1193,90,151,105,165,197,308,177,0
78957,2181,2181,380,271,76,455,369,277,353,0
78959,402,402,51,52,18,34,40,128,79,0
78962,1111,1111,204,91,50,158,168,201,239,0
78963,363,363,26,14,59,62,118,41,43,0
79001,31,31,1,6,2,7,1,6,8,0
79003,36,36,6,0,0,2,14,12,2,0
79005,391,391,97,75,18,44,39,87,31,0
79007,3814,3814,682,388,294,635,590,601,624,0
79009,460,460,99,48,33,53,82,33,112,0
79010,562,154,3,14,4,23,27,58,25,408
79011,21,21,3,3,0,4,4,7,0,0
79012,518,518,0,70,0,97,110,96,145,0
79013,1220,1220,312,92,48,139,217,208,204,0
79014,1261,1261,106,136,16,254,208,298,243,0
79015,4973,4950,743,520,187,930,945,635,990,23
79016,0,0,0,0,0,0,0,0,0,0
79018,70,70,21,8,5,4,15,11,6,0
79019,442,442,61,49,11,61,94,82,84,0
79021,56,56,16,8,4,1,15,12,0,0
79022,3039,3039,540,352,118,474,749,423,383,0
79024,89,89,17,2,0,23,15,7,25,0
79025,0,0,0,0,0,0,0,0,0,0
79027,1383,1383,186,218,25,316,241,200,197,0
79029,4836,4836,825,481,293,803,1119,678,637,0
79031,374,374,42,45,10,76,62,91,48,0
79032,35,35,6,8,0,11,6,0,4,0
79033,0,0,0,0,0,0,0,0,0,0
79034,159,159,6,18,10,33,24,25,43,0
79035,1601,1601,236,153,81,241,402,295,193,0
79036,1231,1231,196,76,44,186,254,222,253,0
79039,290,290,36,33,18,47,52,48,56,0
79040,566,566,122,69,31,84,30,137,93,0
79041,707,707,45,29,61,120,112,155,185,0
79042,312,312,38,36,19,54,82,35,48,0
79043,481,481,54,45,57,86,98,69,72,0
79044,216,216,47,15,5,18,26,48,57,0
79045,5843,5819,834,804,350,937,886,1062,946,24
79046,246,246,14,15,25,62,47,46,37,0
79051,0,0,0,0,0,0,0,0,0,0
79052,314,314,57,16,20,47,51,47,76,0
79053,28,28,8,6,0,0,2,4,8,0
79054,199,199,23,11,27,30,40,43,25,0
79056,10,10,3,2,2,3,0,0,0,0
79057,304,304,34,32,14,48,78,40,58,0
79058,0,0,0,0,0,0,0,0,0,0
79059,195,195,14,6,20,20,47,37,51,0
79061,97,97,15,32,0,28,13,0,9,0
79062,42,42,3,0,0,4,6,5,24,0
79063,219,219,15,36,30,32,17,43,46,0
79064,592,592,76,108,39,99,127,86,57,0
79065,5180,5177,966,521,304,962,865,714,845,3
79068,880,880,151,108,44,123,136,131,187,0
79070,3119,3119,455,383,152,468,626,511,524,0
79072,7131,7104,948,931,428,1052,1245,1309,1191,27
79078,33,33,2,6,0,9,4,10,2,0
79079,639,639,98,89,43,155,87,61,106,0
79080,83,83,17,3,8,24,8,6,17,0
79081,1223,1223,174,115,28,257,145,223,281,0
79082,58,58,0,0,0,28,12,11,7,0
79083,448,448,18,45,9,87,55,101,133,0
79084,519,519,91,47,16,57,105,95,108,0
79085,4,4,0,0,0,0,2,0,2,0
79086,692,692,87,113,31,83,126,138,114,0
79087,199,199,11,12,11,17,51,48,49,0
79088,1374,1374,192,149,65,201,235,267,265,0
79091,32,32,0,0,0,16,16,0,0,0
79092,193,193,54,32,3,27,24,26,27,0
79093,12,12,12,0,0,0,0,0,0,0
79094,0,0,0,0,0,0,0,0,0,0
79095,672,672,61,99,20,169,116,108,99,0
79096,612,612,66,58,40,110,149,101,88,0
79097,224,224,72,11,0,53,29,41,18,0
79098,143,143,2,29,3,28,28,29,24,0
79101,141,123,14,0,45,38,26,0,0,18
79102,2766,2764,506,320,178,459,265,518,518,2
79103,3143,3143,387,312,213,557,572,550,552,0
79104,2055,2055,304,150,86,327,370,386,432,0
79105,0,0,0,0,0,0,0,0,0,0
79106,7018,7018,1181,1029,389,1393,1125,968,933,0
79107,11775,11775,2145,1470,666,2129,1960,1991,1414,0
79108,2691,2691,320,417,78,519,393,485,479,0
79109,10492,10438,1572,1093,591,1981,1956,1527,1718,54
79110,5561,5561,923,823,222,992,891,706,1004,0
79111,576,576,59,131,26,76,73,127,84,0
79118,5960,5827,858,770,391,875,1060,1058,815,133
79119,4161,4161,622,625,265,636,681,743,589,0
79121,947,947,172,105,22,149,139,147,213,0
79124,2181,2181,264,195,96,373,525,405,323,0
79201,1286,1286,226,74,0,361,308,166,151,0
79220,67,67,3,3,3,7,8,18,25,0
79225,241,241,68,15,7,24,35,48,44,0
79226,612,612,91,56,26,94,148,87,110,0
79227,231,231,35,15,0,13,33,62,73,0
79229,69,69,13,5,0,16,6,14,15,0
79230,43,43,5,12,0,15,3,5,3,0
79231,57,57,0,0,0,25,32,0,0,0
79233,46,46,1,0,2,4,15,12,12,0
79234,5,5,2,0,0,0,0,0,3,0
79235,942,942,162,103,47,90,197,204,139,0
79236,62,62,3,7,0,5,10,29,8,0
79237,54,54,19,9,9,2,5,3,7,0
79239,26,26,0,2,0,16,2,0,6,0
79240,16,16,0,0,0,8,0,8,0,0
79241,526,526,63,33,0,104,144,57,125,0
79243,0,0,0,0,0,0,0,0,0,0
79244,280,280,32,17,22,62,88,21,38,0
79245,543,543,45,42,33,72,113,148,90,0
79247,22,22,0,0,8,3,0,11,0,0
79248,521,521,82,77,22,65,95,72,108,0
79250,346,346,78,35,0,60,55,46,72,0
79251,0,0,0,0,0,0,0,0,0,0
79252,608,608,60,76,6,140,132,108,86,0
79255,139,139,29,8,0,41,16,31,14,0
79256,34,34,0,0,0,0,21,0,13,0
79257,129,129,2,17,9,25,23,17,36,0
79258,0,0,0,0,0,0,0,0,0,0
79259,0,0,0,0,0,0,0,0,0,0
79261,63,61,12,3,4,8,15,8,11,2
79311,1019,1019,180,72,20,86,247,237,177,0
79312,186,186,17,18,4,60,20,21,46,0
79313,429,429,74,52,27,58,69,89,60,0
79314,16,16,0,0,6,6,2,2,0,0
79316,3089,3089,544,395,152,682,427,424,465,0
79322,508,508,72,33,28,59,80,155,81,0
79323,2471,2471,324,393,144,624,298,341,347,0
79324,13,13,5,0,0,0,0,0,8,0
79325,632,632,78,94,24,123,135,47,131,0
79326,26,26,0,0,0,0,6,12,8,0
79329,704,703,46,103,40,151,175,79,109,1
79330,34,34,24,0,0,0,0,10,0,0
79331,3223,3221,451,410,58,581,591,619,511,2
79336,4413,4408,639,538,199,768,780,740,744,5
79339,2040,2040,303,265,56,289,530,268,329,0
79342,213,213,57,6,0,21,70,45,14,0
79343,469,469,64,43,18,99,81,61,103,0
79344,92,92,0,13,19,5,14,29,12,0
79345,308,308,51,29,12,28,72,56,60,0
79346,613,613,102,58,19,136,85,111,102,0
79347,2086,2086,309,155,109,386,200,301,626,0
79350,125,125,18,7,2,37,17,22,22,0
79351,395,395,61,34,5,55,60,65,115,0
79353,0,0,0,0,0,0,0,0,0,0
79355,583,583,84,29,41,95,87,140,107,0
79356,914,859,85,153,82,136,114,100,189,55
79357,572,572,106,65,19,57,84,172,69,0
79358,286,286,43,12,14,36,48,71,62,0
79359,1132,1132,307,47,48,278,95,117,240,0
79360,5899,5899,1082,728,286,852,982,1089,880,0
79363,1705,1705,137,128,152,381,299,269,339,0
79364,1993,1993,349,356,83,187,384,380,254,0
79366,200,200,34,16,2,25,38,38,47,0
79367,223,223,15,20,4,47,37,55,45,0
79369,10,10,0,0,0,10,0,0,0,0
79370,318,318,68,24,18,50,51,44,63,0
79371,336,336,66,34,3,70,84,15,64,0
79372,325,325,39,41,5,64,50,60,66,0
79373,838,837,180,74,51,205,137,100,90,1
79376,0,0,0,0,0,0,0,0,0,0
79377,94,94,14,23,0,27,14,6,10,0
79378,53,53,14,6,9,5,9,4,6,0
79379,152,130,37,15,7,11,26,9,25,22
79380,13,13,0,1,2,4,4,2,0,0
79381,407,407,18,56,26,96,82,74,55,0
79382,2815,2815,413,299,195,526,548,386,448,0
79401,682,676,147,56,18,74,120,93,168,6
79403,5261,5151,831,658,303,781,903,869,806,110
79404,2432,2430,345,114,236,361,555,444,375,2
79406,0,0,0,0,0,0,0,0,0,0
79407,5317,5317,734,531,264,670,893,1163,1062,0
79410,1716,1716,360,124,95,173,366,194,404,0
79411,1182,1182,124,177,16,165,271,109,320,0
79412,5308,5296,799,582,85,953,778,1105,994,12
79413,5330,5330,903,456,267,865,924,1083,832,0
79414,4244,4244,946,618,233,724,698,495,530,0
79415,4335,4177,776,333,336,895,422,498,917,158
79416,7436,7436,955,799,392,1252,1183,1664,1191,0
79423,11031,11031,1877,1381,443,2049,1869,2083,1329,0
79424,11568,11568,2401,1533,599,1887,1777,1807,1564,0
79501,617,607,132,29,10,137,97,120,82,10
79502,350,350,26,81,18,22,54,75,74,0
79503,0,0,0,0,0,0,0,0,0,0
79504,608,608,139,47,21,102,56,115,128,0
79505,59,59,16,13,0,15,15,0,0,0
79506,86,86,4,3,4,9,22,39,5,0
79508,461,461,57,18,16,110,77,77,106,0
79510,1765,1765,169,148,60,354,432,271,331,0
79511,291,291,49,26,10,31,81,71,23,0
79512,1367,1367,294,102,152,195,219,121,284,0
79517,24,24,24,0,0,0,0,0,0,0
79518,15,15,0,0,0,5,5,5,0,0
79519,0,0,0,0,0,0,0,0,0,0
79520,715,715,92,105,34,113,64,152,155,0
79521,657,657,73,69,66,116,62,122,149,0
79525,573,573,126,5,7,118,205,62,50,0
79526,166,166,38,9,9,30,25,34,21,0
79527,97,97,8,12,11,14,15,0,37,0
79528,144,132,22,0,25,15,25,12,33,12
79529,422,422,20,44,6,111,62,117,62,0
79530,98,98,11,21,5,7,11,17,26,0
79532,243,243,11,22,19,53,32,42,64,0
79533,56,56,8,12,0,12,14,2,8,0
79534,9,9,0,0,0,3,0,0,6,0
79535,15,15,3,2,0,1,0,8,1,0
79536,1401,1401,170,138,23,183,370,315,202,0
79537,0,0,0,0,0,0,0,0,0,0
79538,60,60,19,7,0,4,0,30,0,0
79539,24,24,1,0,0,0,9,7,7,0
79540,31,31,0,0,0,0,0,31,0,0
79541,231,231,0,11,0,73,60,87,0,0
79543,373,373,70,66,26,73,36,56,46,0
79544,146,146,22,5,4,28,28,35,24,0
79545,421,421,66,38,9,87,52,87,82,0
79546,415,415,110,51,20,48,23,101,62,0
79547,117,117,17,25,5,46,11,7,6,0
79548,41,41,12,0,0,0,19,2,8,0
79549,4018,4018,748,328,217,555,876,711,583,0
79553,956,956,120,28,46,123,219,238,182,0
79556,3407,3407,620,358,219,559,604,498,549,0
79560,20,20,0,5,0,2,2,8,3,0
79561,141,141,6,5,4,45,8,31,42,0
79562,853,853,79,39,87,147,83,261,157,0
79563,303,303,34,42,16,43,59,54,55,0
79565,101,101,5,2,6,9,14,20,45,0
79566,41,41,0,4,0,4,24,9,0,0
79567,959,959,141,56,57,174,216,146,169,0
79601,3943,3934,724,468,298,497,532,737,678,9
79602,6998,6850,1102,974,302,1459,1054,977,982,148
79603,6333,6333,1055,809,514,797,1007,924,1227,0
79605,7032,7015,1420,770,418,1006,1218,1123,1060,17
79606,6064,6064,1129,863,446,802,1182,921,721,0
79607,904,904,246,151,92,156,108,99,52,0
79699,12,0,0,0,0,0,0,0,0,12
79701,9987,9939,1814,1481,460,1482,1797,1432,1473,48
79703,6517,6517,1186,654,366,1123,1102,938,1148,0
79705,10672,10671,1849,1472,691,2174,1724,1540,1221,1
79706,9252,9252,1626,855,490,1872,1663,1297,1449,0
79707,10358,10358,1747,1587,401,1642,2114,1420,1447,0
79713,131,131,21,21,16,18,13,30,12,0
79714,5688,5688,912,639,295,966,940,1011,925,0
79718,219,219,36,0,0,9,57,51,66,0
79719,198,198,36,10,2,37,32,31,50,0
79720,7687,7641,1305,943,212,1286,1352,1358,1185,46
79730,19,19,6,2,3,6,1,1,0,0
79731,1451,1451,245,140,49,286,186,323,222,0
79733,50,50,6,3,5,4,8,20,4,0
79734,365,314,12,49,35,12,59,121,26,51
79735,3488,3488,452,418,256,728,577,550,507,0
79738,72,72,19,8,0,13,5,11,16,0
79739,289,289,24,14,0,28,69,105,49,0
79741,51,51,0,0,0,2,40,4,5,0
79742,166,166,8,6,27,34,17,31,43,0
79743,58,58,13,0,0,15,8,22,0,0
79744,294,294,72,41,5,24,19,44,89,0
79745,2062,2062,334,211,209,369,316,257,366,0
79748,105,105,9,9,0,22,22,19,24,0
79749,137,137,12,22,18,27,32,12,14,0
79752,708,708,84,98,15,132,69,194,116,0
79754,25,25,13,8,4,0,0,0,0,0
79755,13,13,0,0,0,0,0,13,0,0
79756,2532,2532,482,257,39,465,444,407,438,0
79758,863,863,221,90,28,191,83,141,109,0
79759,0,0,0,0,0,0,0,0,0,0
79761,9933,9930,2076,1158,747,1212,1465,1536,1736,3
79762,11877,11877,1925,1396,677,1997,1967,1996,1919,0
79763,12634,12634,1773,1622,700,2435,2356,2338,1410,0
79764,6716,6716,1119,721,534,929,1398,793,1222,0
79765,4569,4534,1119,865,315,834,662,257,482,35
79766,2751,2737,519,506,151,599,362,246,354,14
79770,0,0,0,0,0,0,0,0,0,0
79772,3172,3166,563,263,126,568,608,509,529,6
79777,135,120,0,3,0,48,55,10,4,15
79778,237,237,57,20,3,11,4,61,81,0
79780,44,44,15,23,6,0,0,0,0,0
79781,65,65,11,0,0,9,30,15,0,0
79782,1373,1373,201,140,50,172,309,249,252,0
79783,86,86,30,18,23,0,0,11,4,0
79785,0,0,0,0,0,0,0,0,0,0
79788,191,191,32,17,3,40,48,28,23,0
79789,290,290,45,32,8,66,47,63,29,0
79821,1859,1859,310,379,46,227,226,344,327,0
79830,1579,1576,142,287,164,243,225,317,198,3
79831,0,0,0,0,0,0,0,0,0,0
79834,40,37,6,9,0,9,3,10,0,3
79835,3536,3452,460,401,264,474,671,552,630,84
79836,1935,1935,327,162,79,265,333,340,429,0
79837,55,55,13,0,0,42,0,0,0,0
79838,1818,1816,443,132,39,248,380,236,338,2
79839,746,746,137,43,8,203,102,75,178,0
79842,59,59,15,0,0,0,8,24,12,0
79843,554,554,71,11,130,47,192,50,53,0
79845,1179,1179,228,135,57,96,299,166,198,0
79846,76,76,31,16,0,11,0,8,10,0
79847,71,71,36,35,0,0,0,0,0,0
79848,118,118,4,22,14,30,24,2,22,0
79849,3868,3837,650,268,114,581,522,917,785,31
79851,233,233,18,0,0,103,38,49,25,0
79852,91,91,0,10,0,0,27,16,38,0
79853,864,864,113,45,36,108,127,292,143,0
79854,11,11,0,0,0,11,0,0,0,0
79855,567,567,118,41,16,156,83,51,102,0
79901,2010,1948,164,181,150,332,264,455,402,62
79902,3537,3530,653,258,239,561,703,575,541,7
79903,2923,2923,289,337,110,392,777,611,407,0
79904,11198,11198,2175,1348,495,1902,1972,1644,1662,0
79905,5070,5011,789,488,334,887,980,853,680,59
79906,2094,2094,542,323,193,371,216,293,156,0
79907,13679,13679,2208,1284,554,1831,2189,3049,2564,0
79908,2299,2299,488,272,123,446,561,207,202,0
79911,1878,1878,361,314,97,463,162,172,309,0
79912,19589,19589,3030,2531,1300,3292,3291,3136,3009,0
79915,8623,8616,1380,1062,324,1472,1471,1500,1407,7
79916,0,0,0,0,0,0,0,0,0,0
79920,0,0,0,0,0,0,0,0,0,0
79922,1893,1859,209,237,48,290,358,315,402,34
79924,16134,16130,2333,1892,886,2584,2469,2984,2982,4
79925,9754,9754,1899,1230,399,1451,1742,1439,1594,0
79927,11203,11201,2075,1232,780,1797,1638,1708,1971,2
79928,19303,19303,2465,2160,918,2889,3818,3607,3446,0
79930,6484,6437,1482,537,298,1178,1184,881,877,47
79932,7958,7958,1393,1047,597,1223,1197,1136,1365,0
79934,8014,8014,1657,859,489,1151,1201,1136,1521,0
79935,3707,3706,542,378,188,679,747,617,555,1
79936,29390,29388,3797,2752,1101,5106,5035,5430,6167,2
79938,28931,28931,6176,3363,1364,4708,4503,5092,3725,0
79942,0,0,0,0,0,0,0,0,0,0
88063,4416,4416,700,512,290,760,767,695,692,0
88081,4356,4353,467,410,574,683,766,647,806,3
88220,8983,8960,1693,935,377,1607,1504,1519,1325,23
88260,4525,4525,693,576,146,883,875,714,638,0
88263,14,14,0,0,0,0,0,0,14,0
88410,80,80,0,0,0,0,56,0,24,0
88415,610,610,177,18,62,151,101,60,41,0
88430,12,12,0,0,0,0,0,0,12,0